City,ISO3,country,country_num,year,population,GDP_USD,gdp_per_capita,home_adv,tot_gold,tot_silver,tot_bronze,tot_medals,last_medals,secondLast_medals
Moskva,AFG,Afghanistan,1,1980,13248370,3641723322,274,0,0,0,0,0,0,0
Athina,AFG,Afghanistan,1,2004,24118979,5285465686,219,0,0,0,0,0,0,0
Beijing,AFG,Afghanistan,1,2008,27294031,10190529882,373,0,0,0,1,1,0,0
London,AFG,Afghanistan,1,2012,30696958,20536542737,669,0,0,0,1,1,1,0
Rio de Janeiro,AFG,Afghanistan,1,2016,34656032,19469022208,561,0,0,0,0,0,1,1
Beijing,ALB,Albania,2,2008,2947314,12881352688,4370,0,0,0,0,0,0,0
London,ALB,Albania,2,2012,2900401,12319784787,4247,0,0,0,0,0,0,0
Rio de Janeiro,ALB,Albania,2,2016,2876101,11863865978,4124,0,0,0,0,0,0,0
Los Angeles,DZA,Algeria,3,1984,21893853,53698278906,2452,0,0,0,2,2,0,0
Seoul,DZA,Algeria,3,1988,24591492,59089067187,2402,0,0,0,0,0,2,0
Barcelona,DZA,Algeria,3,1992,27181094,48003298223,1766,0,1,0,1,2,0,2
Atlanta,DZA,Algeria,3,1996,29411415,46941496780,1596,0,2,0,1,3,2,0
Sydney,DZA,Algeria,3,2000,31183660,54790245601,1757,0,1,1,3,5,3,2
Athina,DZA,Algeria,3,2004,32831096,85324998814,2598,0,0,0,0,0,5,3
Beijing,DZA,Algeria,3,2008,34860715,171000691878,4905,0,0,1,1,2,0,5
London,DZA,Algeria,3,2012,37565847,209058991952,5565,0,1,0,0,1,2,0
Rio de Janeiro,DZA,Algeria,3,2016,40606052,159049096745,3916,0,0,2,0,2,1,2
Barcelona,AND,Andorra,5,1992,58888,1210013652,20547,0,0,0,0,0,0,0
Atlanta,AND,Andorra,5,1996,64360,1223945357,19017,0,0,0,0,0,0,0
Sydney,AND,Andorra,5,2000,65390,1434429703,21936,0,0,0,0,0,0,0
Athina,AND,Andorra,5,2004,76244,2935659300,38503,0,0,0,0,0,0,0
Beijing,AND,Andorra,5,2008,83861,4007353157,47785,0,0,0,0,0,0,0
London,AND,Andorra,5,2012,82431,3164615187,38391,0,0,0,0,0,0,0
Rio de Janeiro,AND,Andorra,5,2016,77281,2858517699,36988,0,0,0,0,0,0,0
Athina,AGO,Angola,6,2004,18865716,19640848729,1041,0,0,0,0,0,0,0
Beijing,AGO,Angola,6,2008,21759420,84178032716,3868,0,0,0,0,0,0,0
London,AGO,Angola,6,2012,25096150,115398371428,4598,0,0,0,0,0,0,0
Rio de Janeiro,AGO,Angola,6,2016,28813463,95335111741,3308,0,0,0,0,0,0,0
Sydney,ATG,Antigua & Barbuda,7,2000,83584,830158769,9932,0,0,0,0,0,0,0
Athina,ATG,Antigua & Barbuda,7,2004,88257,919577143,10419,0,0,0,0,0,0,0
Beijing,ATG,Antigua & Barbuda,7,2008,92478,1368431037,14797,0,0,0,0,0,0,0
London,ATG,Antigua & Barbuda,7,2012,96777,1211411704,12517,0,0,0,0,0,0,0
Rio de Janeiro,ATG,Antigua & Barbuda,7,2016,100963,1460144704,14462,0,0,0,0,0,0,0
Los Angeles,ARG,Argentina,8,1984,29920904,79092001998,2643,0,0,0,0,0,0,1
Seoul,ARG,Argentina,8,1988,31795517,126206817196,3969,0,0,1,1,2,0,0
Barcelona,ARG,Argentina,8,1992,33655151,228788617202,6798,0,0,0,1,1,2,0
Atlanta,ARG,Argentina,8,1996,35419682,27214975e4,7683,0,0,2,1,3,1,2
Sydney,ARG,Argentina,8,2000,37057452,28420375e4,7669,0,0,2,2,4,3,1
Athina,ARG,Argentina,8,2004,38728696,164657930453,4251,0,2,0,4,6,4,3
Beijing,ARG,Argentina,8,2008,40382389,361558037110,8953,0,2,0,4,6,6,4
London,ARG,Argentina,8,2012,42096739,545982375701,12969,0,1,1,2,4,6,6
Rio de Janeiro,ARG,Argentina,8,2016,43847430,545476103427,12440,0,3,1,0,4,4,6
London,ARM,Armenia,9,2012,2881922,10619320049,3684,0,0,1,2,3,6,0
Rio de Janeiro,ARM,Armenia,9,2016,2924816,10572298342,3614,0,1,3,0,4,3,6
Montreal,AUS,Australia,11,1976,14033e3,104974158578,7480,0,0,1,4,5,17,17
Moskva,AUS,Australia,11,1980,14692e3,149887465181,10201,0,2,2,5,9,5,17
Los Angeles,AUS,Australia,11,1984,15544e3,193503894222,12448,0,4,8,12,24,9,5
Seoul,AUS,Australia,11,1988,16532200,236135768335,14283,0,3,6,5,14,24,9
Barcelona,AUS,Australia,11,1992,17495e3,325692532493,18616,0,7,9,11,27,14,24
Atlanta,AUS,Australia,11,1996,18311e3,401819423369,21944,0,9,9,23,41,27,14
Sydney,AUS,Australia,11,2000,19153e3,415446209885,21690,1,16,25,17,58,41,27
Athina,AUS,Australia,11,2004,20127400,613329776640,30472,0,17,16,17,50,58,41
Beijing,AUS,Australia,11,2008,21249200,1055334825425,49664,0,14,15,17,46,50,58
London,AUS,Australia,11,2012,22728254,1538194473087,67677,0,7,16,12,35,46,50
Rio de Janeiro,AUS,Australia,11,2016,24127159,1204616439828,49927,0,8,11,10,29,35,46
Montreal,AUT,Austria,12,1976,7565525,42959976068,5678,0,0,0,1,1,3,4
Moskva,AUT,Austria,12,1980,7549433,82058912465,10869,0,1,2,1,4,1,3
Los Angeles,AUT,Austria,12,1984,7561434,67985345162,8991,0,1,1,1,3,4,1
Seoul,AUT,Austria,12,1988,7585317,133339397080,17578,0,1,0,0,1,3,4
Barcelona,AUT,Austria,12,1992,7840709,195078126346,24880,0,0,2,0,2,1,3
Atlanta,AUT,Austria,12,1996,7959017,237250948791,29809,0,0,1,2,3,2,1
Sydney,AUT,Austria,12,2000,8011566,196799778883,24564,0,2,1,0,3,3,2
Athina,AUT,Austria,12,2004,8171966,300904221505,36821,0,2,4,1,7,3,3
Beijing,AUT,Austria,12,2008,8321496,430294287388,51708,0,0,1,2,3,7,3
London,AUT,Austria,12,2012,8429991,409425234155,48567,0,0,0,0,0,3,7
Rio de Janeiro,AUT,Austria,12,2016,8747358,390799991147,44676,0,0,0,1,1,0,3
London,AZE,Azerbaijan,13,2012,9295784,69684317719,7496,0,2,2,6,10,7,5
Rio de Janeiro,AZE,Azerbaijan,13,2016,9762274,37847715736,3876,0,1,7,10,18,10,7
Montreal,BHS,Bahamas,14,1976,192902,6421e5,3328,0,0,0,0,0,0,0
Los Angeles,BHS,Bahamas,14,1984,230015,20411e5,8873,0,0,0,0,0,0,0
Seoul,BHS,Bahamas,14,1988,247579,28179e5,11381,0,0,0,0,0,0,0
Barcelona,BHS,Bahamas,14,1992,266134,3109e6,11682,0,0,0,1,1,0,0
Atlanta,BHS,Bahamas,14,1996,283790,3609e6,12717,0,0,1,0,1,1,0
Sydney,BHS,Bahamas,14,2000,297890,6327552e3,21241,0,2,0,1,3,1,1
Athina,BHS,Bahamas,14,2004,322526,7094413e3,21996,0,1,0,1,2,3,1
Beijing,BHS,Bahamas,14,2008,348676,8247e6,23652,0,0,1,1,2,2,3
London,BHS,Bahamas,14,2012,372039,107205e5,28815,0,1,0,0,1,2,2
Rio de Janeiro,BHS,Bahamas,14,2016,391232,112618e5,28785,0,1,0,1,2,1,2
Sydney,BHR,Bahrain,15,2000,664614,9062906915,13636,0,0,0,0,0,0,0
Athina,BHR,Bahrain,15,2004,829848,13150166755,15846,0,0,0,0,0,0,0
Beijing,BHR,Bahrain,15,2008,1114590,25710877660,23067,0,0,0,0,0,0,0
London,BHR,Bahrain,15,2012,1300217,30749308511,23649,0,0,0,1,1,0,0
Rio de Janeiro,BHR,Bahrain,15,2016,1425171,32179069149,22579,0,1,1,0,2,1,0
Sydney,BGD,Bangladesh,16,2000,131581243,53369787319,405,0,0,0,0,0,0,0
Athina,BGD,Bangladesh,16,2004,141307489,65108544250,460,0,0,0,0,0,0,0
Beijing,BGD,Bangladesh,16,2008,148805814,91631278239,615,0,0,0,0,0,0,0
London,BGD,Bangladesh,16,2012,155727053,133355749482,856,0,0,0,0,0,0,0
Rio de Janeiro,BGD,Bangladesh,16,2016,162951560,221415162446,1358,0,0,0,0,0,0,0
Beijing,BRB,Barbados,17,2008,277319,46073e5,16613,0,0,0,0,0,0,1
London,BRB,Barbados,17,2012,281585,465635e4,16536,0,0,0,0,0,0,0
Rio de Janeiro,BRB,Barbados,17,2016,284996,452905e4,15891,0,0,0,0,0,0,0
London,BLR,Belarus,18,2012,9464495,65685102555,6940,0,2,5,5,12,18,13
Rio de Janeiro,BLR,Belarus,18,2016,9507120,47407217531,4986,0,1,4,4,9,12,18
Montreal,BEL,Belgium,19,1976,9818227,71494539498,7281,0,0,3,3,6,2,2
Moskva,BEL,Belgium,19,1980,9859242,127508202373,12932,0,1,0,0,1,6,2
Los Angeles,BEL,Belgium,19,1984,9855372,83795680815,8502,0,1,1,2,4,1,6
Seoul,BEL,Belgium,19,1988,9901664,163167853538,16478,0,0,0,2,2,4,1
Barcelona,BEL,Belgium,19,1992,10045158,236038384442,23497,0,0,1,2,3,2,4
Atlanta,BEL,Belgium,19,1996,10156637,281358175896,27701,0,2,2,2,6,3,2
Sydney,BEL,Belgium,19,2000,10251250,237904919845,23207,0,0,2,3,5,6,3
Athina,BEL,Belgium,19,2004,10421137,370885026074,35589,0,1,0,2,3,5,6
Beijing,BEL,Belgium,19,2008,10709973,518625897173,48424,0,1,1,0,2,3,5
London,BEL,Belgium,19,2012,11128246,497884216569,44740,0,0,1,2,3,2,3
Rio de Janeiro,BEL,Belgium,19,2016,11348159,467955709818,41236,0,2,2,2,6,3,2
Seoul,BLZ,Belize,20,1988,179028,3149e5,1758,0,0,0,0,0,0,0
Barcelona,BLZ,Belize,20,1992,194317,518239100,2666,0,0,0,0,0,0,0
Atlanta,BLZ,Belize,20,1996,213676,641383800,3001,0,0,0,0,0,0,0
Sydney,BLZ,Belize,20,2000,247315,832072450,3364,0,0,0,0,0,0,0
Athina,BLZ,Belize,20,2004,276089,1057845500,3831,0,0,0,0,0,0,0
Beijing,BLZ,Belize,20,2008,306165,1368625150,4470,0,0,0,0,0,0,0
London,BLZ,Belize,20,2012,336701,1573618750,4673,0,0,0,0,0,0,0
Rio de Janeiro,BLZ,Belize,20,2016,366954,17411e5,4744,0,0,0,0,0,0,0
Barcelona,BEN,Benin,21,1992,5331803,1695315306,317,0,0,0,0,0,0,0
Atlanta,BEN,Benin,21,1996,6094259,2361116588,387,0,0,0,0,0,0,0
Sydney,BEN,Benin,21,2000,6865951,2569186643,374,0,0,0,0,0,0,0
Athina,BEN,Benin,21,2004,7750004,4521424807,583,0,0,0,0,0,0,0
Beijing,BEN,Benin,21,2008,8696916,7132787397,820,0,0,0,0,0,0,0
London,BEN,Benin,21,2012,9729160,8152554487,837,0,0,0,0,0,0,0
Rio de Janeiro,BEN,Benin,21,2016,10872298,8583031398,789,0,0,0,0,0,0,0
Montreal,BMU,Bermuda,22,1976,53200,3863e5,7261,0,0,0,1,1,0,0
Los Angeles,BMU,Bermuda,22,1984,56423,985699968,17469,0,0,0,0,0,1,0
Seoul,BMU,Bermuda,22,1988,58347,1415100032,24253,0,0,0,0,0,0,1
Barcelona,BMU,Bermuda,22,1992,58595,1679900032,28669,0,0,0,0,0,0,0
Atlanta,BMU,Bermuda,22,1996,60129,269539e4,44826,0,0,0,0,0,0,0
Sydney,BMU,Bermuda,22,2000,61833,3480219e3,56284,0,0,0,0,0,0,0
Athina,BMU,Bermuda,22,2004,63740,4484703e3,70359,0,0,0,0,0,0,0
Beijing,BMU,Bermuda,22,2008,65273,6109928e3,93605,0,0,0,0,0,0,0
London,BMU,Bermuda,22,2012,64798,5537537e3,85458,0,0,0,0,0,0,0
Sydney,BTN,Bhutan,23,2000,573416,439158233,765,0,0,0,0,0,0,0
Athina,BTN,Bhutan,23,2004,640282,702682019,1097,0,0,0,0,0,0,0
Beijing,BTN,Bhutan,23,2008,700950,1258332337,1795,0,0,0,0,0,0,0
London,BTN,Bhutan,23,2012,752967,1823692110,2422,0,0,0,0,0,0,0
Rio de Janeiro,BTN,Bhutan,23,2016,797765,2212638830,2773,0,0,0,0,0,0,0
Los Angeles,BOL,Bolivia,24,1984,6085496,6169481549,1013,0,0,0,0,0,0,0
Seoul,BOL,Bolivia,24,1988,6592787,4597615563,697,0,0,0,0,0,0,0
Barcelona,BOL,Bolivia,24,1992,7131707,5643893347,791,0,0,0,0,0,0,0
Atlanta,BOL,Bolivia,24,1996,7717443,7396966657,958,0,0,0,0,0,0,0
Sydney,BOL,Bolivia,24,2000,8339512,8397912509,1007,0,0,0,0,0,0,0
Athina,BOL,Bolivia,24,2004,8967741,8773451739,978,0,0,0,0,0,0,0
Beijing,BOL,Bolivia,24,2008,9599855,16674324634,1736,0,0,0,0,0,0,0
London,BOL,Bolivia,24,2012,10239004,27084497540,2645,0,0,0,0,0,0,0
Rio de Janeiro,BOL,Bolivia,24,2016,10887882,33806395514,3104,0,0,0,0,0,0,0
London,BIH,Bosnia & Herzegovina,25,2012,3648200,17226849297,4722,0,0,0,0,0,0,0
Rio de Janeiro,BIH,Bosnia & Herzegovina,25,2016,3516816,16910277134,4808,0,0,0,0,0,0,0
Atlanta,BWA,Botswana,26,1996,1604060,4847752843,3022,0,0,0,0,0,0,0
Sydney,BWA,Botswana,26,2000,1728340,5788329609,3349,0,0,0,0,0,0,0
Athina,BWA,Botswana,26,2004,1829330,8957467707,4896,0,0,0,0,0,0,0
Beijing,BWA,Botswana,26,2008,1946351,10945070442,5623,0,0,0,0,0,0,0
London,BWA,Botswana,26,2012,2089315,14686278707,7029,0,0,1,0,1,0,0
Rio de Janeiro,BWA,Botswana,26,2016,2250260,15581137274,6924,0,0,0,0,0,1,0
Montreal,BRA,Brazil,27,1976,110213082,152678020453,1385,0,0,0,2,2,2,3
Moskva,BRA,Brazil,27,1980,121159761,235024598983,1939,0,2,0,2,4,2,2
Los Angeles,BRA,Brazil,27,1984,132800684,209023912697,1573,0,1,5,2,8,4,2
Seoul,BRA,Brazil,27,1988,144001542,330397381998,2294,0,1,2,3,6,8,4
Barcelona,BRA,Brazil,27,1992,154564278,40059925e4,2591,0,2,1,0,3,6,8
Atlanta,BRA,Brazil,27,1996,164913306,850425828276,5156,0,3,3,9,15,3,6
Sydney,BRA,Brazil,27,2000,175287587,655421153321,3739,0,0,6,6,12,15,3
Athina,BRA,Brazil,27,2004,184738458,669316239316,3623,0,5,2,3,10,12,15
Beijing,BRA,Brazil,27,2008,192979029,1695824517396,8787,0,3,4,9,16,10,12
London,BRA,Brazil,27,2012,200560983,2465188674415,12291,0,3,5,9,17,16,10
Rio de Janeiro,BRA,Brazil,27,2016,207652865,1796186586414,8649,1,7,6,6,19,17,16
Rio de Janeiro,BRN,Brunei,28,2016,423196,11400653732,26939,0,0,0,0,0,0,0
Sydney,BGR,Bulgaria,29,2000,8170172,13148099185,1609,0,5,6,2,13,15,16
Athina,BGR,Bulgaria,29,2004,7716860,26094622564,3381,0,2,1,9,12,13,15
Beijing,BGR,Bulgaria,29,2008,7492561,54409138498,7261,0,1,1,3,5,12,13
London,BGR,Bulgaria,29,2012,7305888,53903028252,7378,0,0,1,1,2,5,12
Rio de Janeiro,BGR,Bulgaria,29,2016,7127822,53237882473,7469,0,0,1,2,3,2,5
Sydney,BFA,Burkina Faso,30,2000,11607942,2628920056,226,0,0,0,0,0,0,0
Athina,BFA,Burkina Faso,30,2004,13030569,4838551100,371,0,0,0,0,0,0,0
Beijing,BFA,Burkina Faso,30,2008,14689726,8369637065,569,0,0,0,0,0,0,0
London,BFA,Burkina Faso,30,2012,16571216,11166063467,673,0,0,0,0,0,0,0
Rio de Janeiro,BFA,Burkina Faso,30,2016,18646433,11693235542,627,0,0,0,0,0,0,0
London,BDI,Burundi,31,2012,9319710,2472384907,265,0,0,0,0,0,0,0
Rio de Janeiro,BDI,Burundi,31,2016,10524117,3007029030,285,0,0,1,0,1,0,0
Athina,KHM,Cambodia,32,2004,13063377,5337833248,408,0,0,0,0,0,0,0
Beijing,KHM,Cambodia,32,2008,13880509,10351914093,745,0,0,0,0,0,0,0
London,KHM,Cambodia,32,2012,14776866,14038383450,950,0,0,0,0,0,0,0
Rio de Janeiro,KHM,Cambodia,32,2016,15762370,20016747754,1269,0,0,0,0,0,0,0
Moskva,CMR,Cameroon,33,1980,8618354,6740756569,782,0,0,0,0,0,0,0
Los Angeles,CMR,Cameroon,33,1984,9742263,7801858825,800,0,0,0,1,1,0,0
Seoul,CMR,Cameroon,33,1988,11031817,12493286762,1132,0,0,0,0,0,1,0
Barcelona,CMR,Cameroon,33,1992,12408931,11396310990,918,0,0,0,0,0,0,1
Atlanta,CMR,Cameroon,33,1996,13812472,10513387442,761,0,0,0,0,0,0,0
Sydney,CMR,Cameroon,33,2000,15274234,10083937740,660,0,1,0,0,1,0,0
Athina,CMR,Cameroon,33,2004,16959081,17430933517,1027,0,1,0,0,1,1,0
Beijing,CMR,Cameroon,33,2008,18907008,26409781215,1396,0,1,0,0,1,1,1
London,CMR,Cameroon,33,2012,21082383,29104437355,1380,0,0,0,0,0,1,1
Rio de Janeiro,CMR,Cameroon,33,2016,23439189,32217497470,1374,0,0,0,0,0,0,1
Montreal,CAN,Canada,34,1976,23518e3,206575564402,8783,1,0,5,6,11,5,5
Los Angeles,CAN,Canada,34,1984,25702e3,355372558104,13826,0,10,18,16,44,11,5
Seoul,CAN,Canada,34,1988,26895e3,507354351182,18864,0,3,2,5,10,44,11
Barcelona,CAN,Canada,34,1992,28519597,592387689253,20771,0,7,4,7,18,10,44
Atlanta,CAN,Canada,34,1996,29671900,628546387972,21183,0,3,11,8,22,18,10
Sydney,CAN,Canada,34,2000,30769700,742293448253,24124,0,3,3,8,14,22,18
Athina,CAN,Canada,34,2004,31995e3,1023196003075,31979,0,3,6,3,12,14,22
Beijing,CAN,Canada,34,2008,33245773,1549131208997,46596,0,3,9,7,19,12,14
London,CAN,Canada,34,2012,34750545,1824288757448,52496,0,1,5,12,18,19,12
Rio de Janeiro,CAN,Canada,34,2016,36286425,1529760492201,42157,0,4,3,15,22,18,19
London,CPV,Cape Verde,35,2012,513979,1751888562,3408,0,0,0,0,0,0,0
Rio de Janeiro,CPV,Cape Verde,35,2016,539560,1617467436,2997,0,0,0,0,0,0,0
Atlanta,CAF,Central African Republic,37,1996,3435821,1007791186,293,0,0,0,0,0,0,0
Sydney,CAF,Central African Republic,37,2000,3754986,914500299,243,0,0,0,0,0,0,0
Athina,CAF,Central African Republic,37,2004,4055036,1270080251,313,0,0,0,0,0,0,0
Beijing,CAF,Central African Republic,37,2008,4345386,1985239277,456,0,0,0,0,0,0,0
London,CAF,Central African Republic,37,2012,4490416,2184183758,486,0,0,0,0,0,0,0
Rio de Janeiro,CAF,Central African Republic,37,2016,4594621,1756124677,382,0,0,0,0,0,0,0
Seoul,TCD,Chad,38,1988,5584339,1482597299,265,0,0,0,0,0,0,0
Barcelona,TCD,Chad,38,1992,6349089,1881847677,296,0,0,0,0,0,0,0
Atlanta,TCD,Chad,38,1996,7241134,1607345450,221,0,0,0,0,0,0,0
Sydney,TCD,Chad,38,2000,8342559,1385058162,166,0,0,0,0,0,0,0
Athina,TCD,Chad,38,2004,9710043,4414929220,454,0,0,0,0,0,0,0
Beijing,TCD,Chad,38,2008,11133861,10351932604,929,0,0,0,0,0,0,0
London,TCD,Chad,38,2012,12705135,12368071039,973,0,0,0,0,0,0,0
Rio de Janeiro,TCD,Chad,38,2016,14452543,9600761474,664,0,0,0,0,0,0,0
Montreal,CHL,Chile,39,1976,10601836,10341925249,975,0,0,0,0,0,0,0
Los Angeles,CHL,Chile,39,1984,11985658,19622527480,1637,0,0,0,0,0,0,0
Seoul,CHL,Chile,39,1988,12809025,26040229793,2032,0,0,1,0,1,0,0
Barcelona,CHL,Chile,39,1992,13671033,45964327559,3362,0,0,0,0,0,1,0
Atlanta,CHL,Chile,39,1996,14497826,78039572222,5382,0,0,0,0,0,0,1
Sydney,CHL,Chile,39,2000,15262754,77860932152,5101,0,0,0,1,1,0,0
Athina,CHL,Chile,39,2004,15973778,99210392858,6210,0,2,0,1,3,1,0
Beijing,CHL,Chile,39,2008,16661942,179638496279,10781,0,0,1,0,1,3,1
London,CHL,Chile,39,2012,17309746,267122320057,15431,0,0,0,0,0,1,3
Rio de Janeiro,CHL,Chile,39,2016,17909754,247027912574,13792,0,0,0,0,0,0,1
Montreal,CHN,China,40,1976,930685e3,153940455342,165,0,0,0,0,0,0,0
Los Angeles,CHN,China,40,1984,1036825e3,259946510957,250,0,15,8,9,32,0,0
Seoul,CHN,China,40,1988,110163e4,312353631208,283,0,5,11,12,28,32,0
Barcelona,CHN,China,40,1992,116497e4,426915712711,366,0,16,22,16,54,28,32
Atlanta,CHN,China,40,1996,121755e4,863746717504,709,0,17,22,12,51,54,28
Sydney,CHN,China,40,2000,1262645e3,1211346869605,959,0,28,16,14,58,51,54
Athina,CHN,China,40,2004,1296075e3,1955347004963,1508,0,32,18,14,64,58,51
Beijing,CHN,China,40,2008,1324655e3,4598206091384,3471,1,51,21,28,100,64,58
London,CHN,China,40,2012,1350695e3,8560547314679,6337,0,38,27,24,89,100,64
Rio de Janeiro,CHN,China,40,2016,1378665e3,11199145157649,8123,0,26,18,26,70,89,100
Montreal,COL,Colombia,41,1976,25323406,15341403660,605,0,0,0,0,0,3,0
Moskva,COL,Colombia,41,1980,27737900,33400735644,1204,0,0,0,0,0,0,3
Los Angeles,COL,Colombia,41,1984,30350086,38253120738,1260,0,0,1,0,1,0,0
Seoul,COL,Colombia,41,1988,32975535,39212550050,1189,0,0,0,1,1,1,0
Barcelona,COL,Colombia,41,1992,35558682,49279585355,1385,0,0,0,1,1,1,1
Atlanta,COL,Colombia,41,1996,38049038,97160109278,2553,0,0,0,0,0,1,1
Sydney,COL,Colombia,41,2000,40403958,99886577331,2472,0,1,0,0,1,0,1
Athina,COL,Colombia,41,2004,42724163,117074863822,2740,0,0,0,2,2,1,0
Beijing,COL,Colombia,41,2008,44901544,243982436734,5433,0,0,1,1,2,2,1
London,COL,Colombia,41,2012,46881475,369659697843,7884,0,1,3,4,8,2,2
Rio de Janeiro,COL,Colombia,41,2016,48653419,282462551367,5805,0,3,2,3,8,8,2
London,COM,Comoros,42,2012,723868,570865941,788,0,0,0,0,0,0,0
Rio de Janeiro,COM,Comoros,42,2016,795601,616654490,775,0,0,0,0,0,0,0
Seoul,COG,Congo - Brazzaville,43,1988,2311348,2212536313,957,0,0,0,0,0,0,0
Barcelona,COG,Congo - Brazzaville,43,1992,2577035,2933222706,1138,0,0,0,0,0,0,0
Atlanta,COG,Congo - Brazzaville,43,1996,2879222,2540697538,882,0,0,0,0,0,0,0
Sydney,COG,Congo - Brazzaville,43,2000,3225727,3219910666,998,0,0,0,0,0,0,0
Athina,COG,Congo - Brazzaville,43,2004,3605439,4648628921,1289,0,0,0,0,0,0,0
Beijing,COG,Congo - Brazzaville,43,2008,4115435,11859013281,2881,0,0,0,0,0,0,0
London,COG,Congo - Brazzaville,43,2012,4633363,13677930124,2952,0,0,0,0,0,0,0
Rio de Janeiro,COG,Congo - Brazzaville,43,2016,5125821,7833508879,1528,0,0,0,0,0,0,0
Atlanta,COD,Congo - Kinshasa,44,1996,42770544,5771454940,134,0,0,0,0,0,0,0
Sydney,COD,Congo - Kinshasa,44,2000,47076387,19088046306,405,0,0,0,0,0,0,0
Athina,COD,Congo - Kinshasa,44,2004,53034217,10297483481,194,0,0,0,0,0,0,0
Beijing,COD,Congo - Kinshasa,44,2008,60373608,19206060270,318,0,0,0,0,0,0,0
London,COD,Congo - Kinshasa,44,2012,68978682,27463220380,398,0,0,0,0,0,0,0
Rio de Janeiro,COD,Congo - Kinshasa,44,2016,78736153,31930856402,405,0,0,0,0,0,0,0
Moskva,CRI,Costa Rica,45,1980,2389310,4831447001,2022,0,0,0,0,0,0,0
Los Angeles,CRI,Costa Rica,45,1984,2659781,4593908719,1727,0,0,0,0,0,0,0
Seoul,CRI,Costa Rica,45,1988,2944557,6063759371,2059,0,0,1,0,1,0,0
Barcelona,CRI,Costa Rica,45,1992,3257466,8528593084,2618,0,0,0,0,0,1,0
Atlanta,CRI,Costa Rica,45,1996,3596732,11618286553,3230,0,1,0,0,1,0,1
Sydney,CRI,Costa Rica,45,2000,3925443,14949514585,3808,0,0,0,2,2,1,0
Athina,CRI,Costa Rica,45,2004,4187038,18529767934,4425,0,0,0,0,0,2,1
Beijing,CRI,Costa Rica,45,2008,4429508,30612932803,6911,0,0,0,0,0,0,2
London,CRI,Costa Rica,45,2012,4654122,46473128286,9985,0,0,0,0,0,0,0
Rio de Janeiro,CRI,Costa Rica,45,2016,4857274,57435507212,11824,0,0,0,0,0,0,0
Los Angeles,CIV,Côte d’Ivoire,46,1984,9826055,6841638715,696,0,0,1,0,1,0,0
Seoul,CIV,Côte d’Ivoire,46,1988,11424260,10255170460,897,0,0,0,0,0,1,0
Barcelona,CIV,Côte d’Ivoire,46,1992,13163019,11152971316,847,0,0,0,0,0,0,1
Atlanta,CIV,Côte d’Ivoire,46,1996,14995249,12139234939,809,0,0,0,0,0,0,0
Sydney,CIV,Côte d’Ivoire,46,2000,16686561,10717022463,642,0,0,0,0,0,0,0
Athina,CIV,Côte d’Ivoire,46,2004,17997738,16554441847,919,0,0,0,0,0,0,0
Beijing,CIV,Côte d’Ivoire,46,2008,19497986,24224903100,1242,0,0,0,0,0,0,0
London,CIV,Côte d’Ivoire,46,2012,21418603,27040562587,1262,0,0,0,0,0,0,0
Rio de Janeiro,CIV,Côte d’Ivoire,46,2016,23695919,36372613023,1534,0,1,0,1,2,0,0
London,HRV,Croatia,47,2012,4267558,56485301967,13235,0,3,1,2,6,5,5
Rio de Janeiro,HRV,Croatia,47,2016,4170600,50714957391,12160,0,5,3,2,10,6,5
Atlanta,CUB,Cuba,48,1996,10961012,250173e5,2282,0,9,8,8,25,31,20
Sydney,CUB,Cuba,48,2000,11150736,305654e5,2741,0,11,11,7,29,25,31
Athina,CUB,Cuba,48,2004,11266941,38203e6,3390,0,9,7,11,27,29,25
Beijing,CUB,Cuba,48,2008,11309754,608063e5,5376,0,2,11,11,24,27,29
London,CUB,Cuba,48,2012,11382146,73141e6,6425,0,5,3,6,14,24,27
Atlanta,CYP,Cyprus,49,1996,873423,9899623588,11334,0,0,0,0,0,0,0
Sydney,CYP,Cyprus,49,2000,943286,10183317625,10795,0,0,0,0,0,0,0
Athina,CYP,Cyprus,49,2004,1010410,17422375e3,17242,0,0,0,0,0,0,0
Beijing,CYP,Cyprus,49,2008,1081563,27839460964,25740,0,0,0,0,0,0,0
London,CYP,Cyprus,49,2012,1135062,25041372222,22061,0,0,1,0,1,0,0
Rio de Janeiro,CYP,Cyprus,49,2016,1170125,20047013274,17132,0,0,0,0,0,1,0
Beijing,CZE,Czechia,50,2008,10384603,235718586901,22698,0,3,3,0,6,9,8
London,CZE,Czechia,50,2012,10510785,207376427021,19729,0,4,3,3,10,6,9
Rio de Janeiro,CZE,Czechia,50,2016,10561633,195305084919,18491,0,1,2,7,10,10,6
Montreal,DNK,Denmark,51,1976,5072596,44575847808,8787,0,1,0,2,3,1,8
Moskva,DNK,Denmark,51,1980,5123027,71127592754,13883,0,2,1,2,5,3,1
Los Angeles,DNK,Denmark,51,1984,5111619,59105208273,11562,0,0,3,3,6,5,3
Seoul,DNK,Denmark,51,1988,5129516,115552848548,22527,0,2,1,1,4,6,5
Barcelona,DNK,Denmark,51,1992,5171370,152915624327,29569,0,1,1,4,6,4,6
Atlanta,DNK,Denmark,51,1996,5263074,187632400366,35650,0,4,1,1,6,6,4
Sydney,DNK,Denmark,51,2000,5339616,164158800460,30743,0,2,3,1,6,6,6
Athina,DNK,Denmark,51,2004,5404523,251373036671,46511,0,2,1,5,8,6,6
Beijing,DNK,Denmark,51,2008,5493621,353361056080,64322,0,2,2,3,7,8,6
London,DNK,Denmark,51,2012,5591572,327148899962,58507,0,2,4,3,9,7,8
Rio de Janeiro,DNK,Denmark,51,2016,5731118,306899653410,53549,0,2,6,7,15,9,7
Beijing,DJI,Djibouti,52,2008,822934,999105339,1214,0,0,0,0,0,0,0
London,DJI,Djibouti,52,2012,881185,1353632942,1536,0,0,0,0,0,0,0
London,DMA,Dominica,53,2012,72044,485997988,6745,0,0,0,0,0,0,0
Rio de Janeiro,DMA,Dominica,53,2016,73543,581484032,7906,0,0,0,0,0,0,0
Moskva,DOM,Dominican Republic,54,1980,5809269,6631000100,1141,0,0,0,0,0,0,0
Los Angeles,DOM,Dominican Republic,54,1984,6351572,10330399700,1626,0,0,0,1,1,0,0
Seoul,DOM,Dominican Republic,54,1988,6903316,5374315190,778,0,0,0,0,0,1,0
Barcelona,DOM,Dominican Republic,54,1992,7468551,11277676880,1510,0,0,0,0,0,0,1
Atlanta,DOM,Dominican Republic,54,1996,8029113,18131813001,2258,0,0,0,0,0,0,0
Sydney,DOM,Dominican Republic,54,2000,8562622,23996063503,2802,0,0,0,0,0,0,0
Athina,DOM,Dominican Republic,54,2004,9102998,22039232610,2421,0,1,0,0,1,0,0
Beijing,DOM,Dominican Republic,54,2008,9636520,48288967303,5011,0,1,1,0,2,1,0
London,DOM,Dominican Republic,54,2012,10154950,60613645121,5968,0,1,1,0,2,2,1
Rio de Janeiro,DOM,Dominican Republic,54,2016,10648791,71583553488,6722,0,0,0,1,1,2,2
Los Angeles,ECU,Ecuador,55,1984,8823751,16912515183,1916,0,0,0,0,0,0,0
Seoul,ECU,Ecuador,55,1988,9739176,13051886552,1340,0,0,0,0,0,0,0
Barcelona,ECU,Ecuador,55,1992,10705667,18094238119,1690,0,0,0,0,0,0,0
Atlanta,ECU,Ecuador,55,1996,11683479,25226393197,2159,0,1,0,0,1,0,0
Sydney,ECU,Ecuador,55,2000,12628596,18327764882,1451,0,0,0,0,0,1,0
Athina,ECU,Ecuador,55,2004,13509647,36591661e3,2708,0,0,0,0,0,0,1
Beijing,ECU,Ecuador,55,2008,14447562,61762635e3,4274,0,0,1,0,1,0,0
London,ECU,Ecuador,55,2012,15419666,87924544e3,5702,0,0,0,0,0,1,0
Rio de Janeiro,ECU,Ecuador,55,2016,16385068,98613972e3,6018,0,0,0,0,0,0,1
Seoul,EGY,Egypt,56,1988,54547296,35044634015,642,0,0,0,0,0,1,0
Barcelona,EGY,Egypt,56,1992,60035536,41855986519,697,0,0,0,0,0,0,1
Atlanta,EGY,Egypt,56,1996,64933456,67629716981,1041,0,0,0,0,0,0,0
Sydney,EGY,Egypt,56,2000,69905988,99838543960,1428,0,0,0,0,0,0,0
Athina,EGY,Egypt,56,2004,75381899,78845185293,1045,0,1,1,3,5,0,0
Beijing,EGY,Egypt,56,2008,80953881,162818181818,2011,0,0,0,1,1,5,0
London,EGY,Egypt,56,2012,87813257,279372758362,3181,0,0,2,0,2,1,5
Rio de Janeiro,EGY,Egypt,56,2016,95688681,332791045964,3477,0,0,0,3,3,2,1
Barcelona,SLV,El Salvador,57,1992,5400331,59547e5,1102,0,0,0,0,0,0,0
Atlanta,SLV,El Salvador,57,1996,5671925,103155e5,1818,0,0,0,0,0,0,0
Sydney,SLV,El Salvador,57,2000,5867626,131341e5,2238,0,0,0,0,0,0,0
Athina,SLV,El Salvador,57,2004,6000775,157983e5,2632,0,0,0,0,0,0,0
Beijing,SLV,El Salvador,57,2008,6110301,2143095e4,3507,0,0,0,0,0,0,0
London,SLV,El Salvador,57,2012,6221246,238136e5,3827,0,0,0,0,0,0,0
Rio de Janeiro,SLV,El Salvador,57,2016,6344722,2679747e4,4223,0,0,0,0,0,0,0
Sydney,GNQ,Equatorial Guinea,58,2000,614323,1045998496,1702,0,0,0,0,0,0,0
Athina,GNQ,Equatorial Guinea,58,2004,724817,4410764339,6085,0,0,0,0,0,0,0
Beijing,GNQ,Equatorial Guinea,58,2008,868418,19749893536,22742,0,0,0,0,0,0,0
London,GNQ,Equatorial Guinea,58,2012,1038593,22389627294,21557,0,0,0,0,0,0,0
Rio de Janeiro,GNQ,Equatorial Guinea,58,2016,1221490,10684804794,8747,0,0,0,0,0,0,0
London,EST,Estonia,59,2012,1322696,23043864510,17421,0,0,1,1,2,2,3
Rio de Janeiro,EST,Estonia,59,2016,1316481,23337907619,17727,0,0,0,1,1,2,2
Beijing,ETH,Ethiopia,60,2008,83184892,27066912635,325,0,4,1,2,7,7,8
London,ETH,Ethiopia,60,2012,92444183,43310721414,468,0,3,1,3,7,7,7
Rio de Janeiro,ETH,Ethiopia,60,2016,102403196,72374224249,706,0,1,2,5,8,7,7
Los Angeles,FJI,Fiji,61,1984,700366,1177997414,1681,0,0,0,0,0,0,0
Seoul,FJI,Fiji,61,1988,722917,1109976928,1535,0,0,0,0,0,0,0
Barcelona,FJI,Fiji,61,1992,744531,1531803061,2057,0,0,0,0,0,0,0
Atlanta,FJI,Fiji,61,1996,784476,2129266728,2714,0,0,0,0,0,0,0
Sydney,FJI,Fiji,61,2000,811223,1684109743,2076,0,0,0,0,0,0,0
Athina,FJI,Fiji,61,2004,818354,2727507213,3332,0,0,0,0,0,0,0
Beijing,FJI,Fiji,61,2008,843340,3523185920,4177,0,0,0,0,0,0,0
London,FJI,Fiji,61,2012,873596,3972012571,4546,0,0,0,0,0,0,0
Rio de Janeiro,FJI,Fiji,61,2016,898760,4703632978,5233,0,1,0,0,1,0,0
Montreal,FIN,Finland,62,1976,4725664,31873171719,6744,0,4,2,0,6,8,4
Moskva,FIN,Finland,62,1980,4779535,53685049410,11232,0,3,1,4,8,6,8
Los Angeles,FIN,Finland,62,1984,4881803,52926394935,10841,0,4,2,6,12,8,6
Seoul,FIN,Finland,62,1988,4946481,109103056148,22056,0,1,1,2,4,12,8
Barcelona,FIN,Finland,62,1992,5041992,112625431378,22337,0,1,2,2,5,4,12
Atlanta,FIN,Finland,62,1996,5124573,132099404608,25777,0,1,2,1,4,5,4
Sydney,FIN,Finland,62,2000,5176209,125539893127,24253,0,2,1,1,4,4,5
Athina,FIN,Finland,62,2004,5228172,196768065557,37636,0,0,2,0,2,4,4
Beijing,FIN,Finland,62,2008,5313399,283742493042,53401,0,1,1,2,4,2,4
London,FIN,Finland,62,2012,5413971,256706466091,47415,0,0,1,2,3,4,2
Rio de Janeiro,FIN,Finland,62,2016,5495096,238502900312,43402,0,0,0,1,1,3,4
Montreal,FRA,France,63,1976,54541493,373410270418,6846,0,2,3,4,9,13,15
Moskva,FRA,France,63,1980,55340782,703525302701,12712,0,6,5,3,14,9,13
Los Angeles,FRA,France,63,1984,56470769,532648802822,9432,0,5,7,16,28,14,9
Seoul,FRA,France,63,1988,57836486,1023504019381,17696,0,6,4,6,16,28,14
Barcelona,FRA,France,63,1992,58851216,1408724907063,23937,0,8,5,16,29,16,28
Atlanta,FRA,France,63,1996,59753098,1614245416079,27015,0,15,7,15,37,29,16
Sydney,FRA,France,63,2000,60912498,1368438363737,22465,0,13,14,11,38,37,29
Athina,FRA,France,63,2004,62704897,2124112242364,33874,0,11,9,13,33,38,37
Beijing,FRA,France,63,2008,64374990,2923465651091,45413,0,7,16,18,41,33,38
London,FRA,France,63,2012,65659790,2681416108537,40838,0,11,11,13,35,41,33
Rio de Janeiro,FRA,France,63,2016,66896109,2465453975282,36854,0,10,18,14,42,35,41
Atlanta,GAB,Gabon,64,1996,1113994,5694040337,5111,0,0,0,0,0,0,0
Sydney,GAB,Gabon,64,2000,1231122,5067865321,4116,0,0,0,0,0,0,0
Athina,GAB,Gabon,64,2004,1364205,7756293575,5685,0,0,0,0,0,0,0
Beijing,GAB,Gabon,64,2008,1536411,15508574820,10094,0,0,0,0,0,0,0
London,GAB,Gabon,64,2012,1756817,17171446922,9774,0,0,1,0,1,0,0
Rio de Janeiro,GAB,Gabon,64,2016,1979786,14213558130,7179,0,0,0,0,0,1,0
Sydney,GMB,Gambia,65,2000,1231844,782915402,635,0,0,0,0,0,0,0
Athina,GMB,Gambia,65,2004,1398573,578785279,413,0,0,0,0,0,0,0
Beijing,GMB,Gambia,65,2008,1588572,965769127,607,0,0,0,0,0,0,0
London,GMB,Gambia,65,2012,1802125,910026287,504,0,0,0,0,0,0,0
Rio de Janeiro,GMB,Gambia,65,2016,2038501,964599178,473,0,0,0,0,0,0,0
London,GEO,Georgia,66,2012,3825e3,15846474596,4142,0,1,3,3,7,6,4
Rio de Janeiro,GEO,Georgia,66,2016,3719300,14378016729,3865,0,2,1,4,7,7,6
Seoul,DEU,Germany,67,1988,78144619,1395931548502,17863,0,48,49,45,142,59,126
Barcelona,DEU,Germany,67,1992,80624598,2123130870382,26333,0,33,21,28,82,142,59
Atlanta,DEU,Germany,67,1996,81914831,2503665193657,30564,0,20,18,27,65,82,142
Sydney,DEU,Germany,67,2000,82211508,1949953934034,23718,0,13,17,26,56,65,82
Athina,DEU,Germany,67,2004,82516260,2819245095605,34165,0,13,16,20,49,56,65
Beijing,DEU,Germany,67,2008,82110097,3752365607148,45699,0,16,10,15,41,49,56
London,DEU,Germany,67,2012,80425823,3543983909148,44065,0,11,19,14,44,41,49
Rio de Janeiro,DEU,Germany,67,2016,82667685,3477796274497,42069,0,17,10,15,42,44,41
Los Angeles,GHA,Ghana,68,1984,12311158,4412279865,358,0,0,0,0,0,1,0
Seoul,GHA,Ghana,68,1988,13854214,5197840973,375,0,0,0,0,0,0,1
Barcelona,GHA,Ghana,68,1992,15463854,6413901602,414,0,0,0,1,1,0,0
Atlanta,GHA,Ghana,68,1996,17185608,6934984709,403,0,0,0,0,0,1,0
Sydney,GHA,Ghana,68,2000,18938762,4983024408,263,0,0,0,0,0,0,1
Athina,GHA,Ghana,68,2004,20986536,8881368538,423,0,0,0,0,0,0,0
Beijing,GHA,Ghana,68,2008,23298640,28526891010,1224,0,0,0,0,0,0,0
London,GHA,Ghana,68,2012,25733049,41939728979,1629,0,0,0,0,0,0,0
Rio de Janeiro,GHA,Ghana,68,2016,28206728,42689783734,1513,0,0,0,0,0,0,0
Montreal,GRC,Greece,69,1976,9188150,31152840485,3390,0,0,0,0,0,2,1
Moskva,GRC,Greece,69,1980,9642505,56829663469,5893,0,1,0,2,3,0,2
Los Angeles,GRC,Greece,69,1984,9895801,48020024788,4852,0,0,1,1,2,3,0
Seoul,GRC,Greece,69,1988,10036983,76261278405,7598,0,0,0,1,1,2,3
Barcelona,GRC,Greece,69,1992,10399061,116224673043,11176,0,2,0,0,2,1,2
Atlanta,GRC,Greece,69,1996,10608800,145861612826,13749,0,4,4,0,8,2,1
Sydney,GRC,Greece,69,2000,10805808,130133845771,12042,0,4,6,3,13,8,2
Athina,GRC,Greece,69,2004,10955141,240521260988,21955,1,6,6,4,16,13,8
Beijing,GRC,Greece,69,2008,11077841,354460802549,31997,0,0,2,2,4,16,13
London,GRC,Greece,69,2012,11045011,245670666639,22242,0,0,0,2,2,4,16
Rio de Janeiro,GRC,Greece,69,2016,10746740,192690813127,17930,0,3,1,2,6,2,4
Sydney,GRD,Grenada,70,2000,101619,520044370,5117,0,0,0,0,0,0,0
Athina,GRD,Grenada,70,2004,102656,599118593,5836,0,0,0,0,0,0,0
Beijing,GRD,Grenada,70,2008,103930,825977889,7947,0,0,0,0,0,0,0
London,GRD,Grenada,70,2012,105481,799882148,7583,0,1,0,0,1,0,0
Rio de Janeiro,GRD,Grenada,70,2016,107317,1056188593,9841,0,0,1,0,1,1,0
Los Angeles,GTM,Guatemala,72,1984,8042897,9470000100,1177,0,0,0,0,0,0,0
Seoul,GTM,Guatemala,72,1988,8842575,7841602824,886,0,0,0,0,0,0,0
Barcelona,GTM,Guatemala,72,1992,9708544,10440842165,1075,0,0,0,0,0,0,0
Atlanta,GTM,Guatemala,72,1996,10646674,15674852771,1472,0,0,0,0,0,0,0
Sydney,GTM,Guatemala,72,2000,11650743,19288926545,1655,0,0,0,0,0,0,0
Athina,GTM,Guatemala,72,2004,12796925,23965275996,1872,0,0,0,0,0,0,0
Beijing,GTM,Guatemala,72,2008,14006366,39136893345,2794,0,0,0,0,0,0,0
London,GTM,Guatemala,72,2012,15271056,50388454861,3299,0,0,1,0,1,0,0
Rio de Janeiro,GTM,Guatemala,72,2016,16582469,68763255964,4146,0,0,0,0,0,1,0
Athina,GIN,Guinea,73,2004,9490229,3666349049,386,0,0,0,0,0,0,0
Beijing,GIN,Guinea,73,2008,10323142,6963961726,674,0,0,0,0,0,0,0
London,GIN,Guinea,73,2012,11281469,7387103675,654,0,0,0,0,0,0,0
Rio de Janeiro,GIN,Guinea,73,2016,12395924,8200248003,661,0,0,0,0,0,0,0
London,GNB,Guinea-Bissau,74,2012,1638139,989875559,604,0,0,0,0,0,0,0
Rio de Janeiro,GNB,Guinea-Bissau,74,2016,1815698,1164944510,641,0,0,0,0,0,0,0
Moskva,GUY,Guyana,75,1980,780153,6032e5,773,0,0,0,1,1,0,0
Los Angeles,GUY,Guyana,75,1984,775219,437631605,564,0,0,0,0,0,1,0
Seoul,GUY,Guyana,75,1988,750731,413799990,551,0,0,0,0,0,0,1
Barcelona,GUY,Guyana,75,1992,748134,368281379,492,0,0,0,0,0,0,0
Atlanta,GUY,Guyana,75,1996,761861,705406001,925,0,0,0,0,0,0,0
Sydney,GUY,Guyana,75,2000,753301,712667897,946,0,0,0,0,0,0,0
Athina,GUY,Guyana,75,2004,751652,785918770,1045,0,0,0,0,0,0,0
Beijing,GUY,Guyana,75,2008,746314,1922598121,2576,0,0,0,0,0,0,0
London,GUY,Guyana,75,2012,753091,2861562266,3799,0,0,0,0,0,0,0
Rio de Janeiro,GUY,Guyana,75,2016,773303,3502397094,4529,0,0,0,0,0,0,0
Beijing,HTI,Haiti,76,2008,9705029,6548530572,674,0,0,0,0,0,0,0
London,HTI,Haiti,76,2012,10289210,7890216508,766,0,0,0,0,0,0,0
Rio de Janeiro,HTI,Haiti,76,2016,10847334,8022638722,739,0,0,0,0,0,0,0
Barcelona,HND,Honduras,77,1992,5247836,3419487441,651,0,0,0,0,0,0,0
Atlanta,HND,Honduras,77,1996,5867849,4034037162,687,0,0,0,0,0,0,0
Sydney,HND,Honduras,77,2000,6524283,7103529494,1088,0,0,0,0,0,0,0
Athina,HND,Honduras,77,2004,7204153,8772194250,1217,0,0,0,0,0,0,0
Beijing,HND,Honduras,77,2008,7872658,13789715133,1751,0,0,0,0,0,0,0
London,HND,Honduras,77,2012,8505646,18528506894,2178,0,0,0,0,0,0,0
Rio de Janeiro,HND,Honduras,77,2016,9112867,21516938910,2361,0,0,0,0,0,0,0
Beijing,HUN,Hungary,78,2008,10038188,157998423132,15739,0,3,5,2,10,17,17
London,HUN,Hungary,78,2012,9920362,127856647108,12888,0,8,4,6,18,10,17
Rio de Janeiro,HUN,Hungary,78,2016,9817958,125816640421,12814,0,8,3,4,15,18,10
Montreal,ISL,Iceland,79,1976,220154,1683117418,7645,0,0,0,0,0,0,0
Moskva,ISL,Iceland,79,1980,228138,3409023699,14942,0,0,0,0,0,0,0
Los Angeles,ISL,Iceland,79,1984,239511,2887825524,12057,0,0,0,1,1,0,0
Seoul,ISL,Iceland,79,1988,249740,6156487920,24651,0,0,0,0,0,1,0
Barcelona,ISL,Iceland,79,1992,261057,7138787995,27345,0,0,0,0,0,0,1
Atlanta,ISL,Iceland,79,1996,268916,7501950116,27897,0,0,0,0,0,0,0
Sydney,ISL,Iceland,79,2000,281205,8946079678,31813,0,0,0,1,1,0,0
Athina,ISL,Iceland,79,2004,292074,13703315349,46917,0,0,0,0,0,1,0
Beijing,ISL,Iceland,79,2008,317414,17640375722,55575,0,0,1,0,1,0,1
London,ISL,Iceland,79,2012,320716,14218575093,44333,0,0,0,0,0,1,0
Rio de Janeiro,ISL,Iceland,79,2016,334252,20047413006,59976,0,0,0,0,0,0,1
Montreal,IND,India,80,1976,635771734,101346972433,159,0,0,0,0,0,1,1
Moskva,IND,India,80,1980,696783517,183839864649,263,0,1,0,0,1,0,1
Los Angeles,IND,India,80,1984,764245202,209328156804,273,0,0,0,0,0,1,0
Seoul,IND,India,80,1988,834489322,292632656261,350,0,0,0,0,0,0,1
Barcelona,IND,India,80,1992,906021106,284363884080,313,0,0,0,0,0,0,0
Atlanta,IND,India,80,1996,978893217,387656017800,396,0,0,0,1,1,0,0
Sydney,IND,India,80,2000,1053050912,462146799337,438,0,0,0,1,1,1,0
Athina,IND,India,80,2004,1126135777,699688852930,621,0,0,1,0,1,1,1
Beijing,IND,India,80,2008,1197146906,1186952757636,991,0,1,0,2,3,1,1
London,IND,India,80,2012,1263065852,1827637859136,1446,0,0,2,4,6,3,1
Rio de Janeiro,IND,India,80,2016,1324171354,2263792499341,1709,0,0,1,1,2,6,3
Seoul,IDN,Indonesia,81,1988,175000916,89756617174,512,0,0,1,0,1,0,0
Barcelona,IDN,Indonesia,81,1992,187766086,136313684978,725,0,2,2,1,5,1,0
Atlanta,IDN,Indonesia,81,1996,199914831,242086489087,1210,0,1,1,2,4,5,1
Sydney,IDN,Indonesia,81,2000,211540429,175702220055,830,0,1,3,2,6,4,5
Athina,IDN,Indonesia,81,2004,223614649,273460989078,1222,0,1,1,2,4,6,4
Beijing,IDN,Indonesia,81,2008,236159276,543253873102,2300,0,1,1,3,5,4,6
London,IDN,Indonesia,81,2012,248883232,917869910106,3687,0,0,1,1,2,5,4
Rio de Janeiro,IDN,Indonesia,81,2016,261115456,932259177765,3570,0,1,2,0,3,2,5
Montreal,IRN,Iran,82,1976,33737768,68055295080,2017,0,0,1,1,2,3,5
Seoul,IRN,Iran,82,1988,53075618,123057861334,2318,0,0,1,0,1,2,3
Atlanta,IRN,Iran,82,1996,61583089,120403931885,1955,0,1,1,1,3,1,2
Sydney,IRN,Iran,82,2000,66131854,109591707802,1657,0,3,0,1,4,3,1
Athina,IRN,Iran,82,2004,69617100,190043433965,2729,0,2,2,2,6,4,3
Beijing,IRN,Iran,82,2008,72845542,406070949554,5574,0,1,0,1,2,6,4
London,IRN,Iran,82,2012,76453574,598853401276,7832,0,4,5,3,12,2,6
Rio de Janeiro,IRN,Iran,82,2016,80277428,418976679729,5219,0,3,1,4,8,12,2
Los Angeles,IRQ,Iraq,83,1984,15205501,46802508845,3077,0,0,0,0,0,0,0
Seoul,IRQ,Iraq,83,1988,16651807,62503055645,3753,0,0,0,0,0,0,0
Athina,IRQ,Iraq,83,2004,26316609,36627901762,1391,0,0,0,0,0,0,0
Beijing,IRQ,Iraq,83,2008,29111417,131613661510,4521,0,0,0,0,0,0,0
London,IRQ,Iraq,83,2012,32776571,218000986223,6651,0,0,0,0,0,0,0
Rio de Janeiro,IRQ,Iraq,83,2016,37202572,171489001692,4609,0,0,0,0,0,0,0
Montreal,IRL,Ireland,84,1976,3238050,9465078121,2923,0,0,0,0,0,0,0
Moskva,IRL,Ireland,84,1980,3412800,21773901117,6380,0,0,1,1,2,0,0
Los Angeles,IRL,Ireland,84,1984,3532423,20130728274,5698,0,0,1,0,1,2,0
Seoul,IRL,Ireland,84,1988,3524949,37818133413,10728,0,0,0,0,0,1,2
Barcelona,IRL,Ireland,84,1992,3558430,55985505159,15733,0,1,1,0,2,0,1
Atlanta,IRL,Ireland,84,1996,3637510,75880630040,20860,0,3,0,1,4,2,0
Sydney,IRL,Ireland,84,2000,3805174,99853528745,26241,0,0,1,0,1,4,2
Athina,IRL,Ireland,84,2004,4070262,193870345294,47630,0,0,0,0,0,1,4
Beijing,IRL,Ireland,84,2008,4489544,275020018163,61257,0,0,1,2,3,0,1
London,IRL,Ireland,84,2012,4586897,225571857948,49177,0,1,1,3,5,3,0
Rio de Janeiro,IRL,Ireland,84,2016,4773095,304819020501,63861,0,0,2,0,2,5,3
Montreal,ISR,Israel,85,1976,3533e3,15176875e3,4295,0,0,0,0,0,0,0
Los Angeles,ISR,Israel,85,1984,4159e3,29148462483,7008,0,0,0,0,0,0,0
Seoul,ISR,Israel,85,1988,4442e3,50078767903,11273,0,0,0,0,0,0,0
Barcelona,ISR,Israel,85,1992,5123e3,75575902932,14752,0,0,1,1,2,0,0
Atlanta,ISR,Israel,85,1996,5692e3,109957321960,19317,0,0,0,1,1,2,0
Sydney,ISR,Israel,85,2000,6289e3,132339311284,21042,0,0,0,1,1,1,2
Athina,ISR,Israel,85,2004,6809e3,135445033199,19892,0,1,0,1,2,1,1
Beijing,ISR,Israel,85,2008,7308800,215840354627,29531,0,0,0,1,1,2,1
London,ISR,Israel,85,2012,7910500,257296579579,32525,0,0,0,0,0,1,2
Rio de Janeiro,ISR,Israel,85,2016,8547100,317744784695,37175,0,0,0,2,2,0,1
Montreal,ITA,Italy,86,1976,55718260,223976030937,4019,0,2,7,4,13,18,16
Moskva,ITA,Italy,86,1980,56433883,475682506444,8429,0,8,3,4,15,13,18
Los Angeles,ITA,Italy,86,1984,56576718,436443280912,7714,0,14,6,12,32,15,13
Seoul,ITA,Italy,86,1988,56629288,888667913419,15692,0,6,4,4,14,32,15
Barcelona,ITA,Italy,86,1992,56797087,1315806985860,23166,0,6,5,8,19,14,32
Atlanta,ITA,Italy,86,1996,56860281,1308929351236,23020,0,13,10,12,35,19,14
Sydney,ITA,Italy,86,2000,56942108,1141759996315,20051,0,13,8,13,34,35,19
Athina,ITA,Italy,86,2004,57685327,1798314750435,31174,0,10,11,11,32,34,35
Beijing,ITA,Italy,86,2008,58826731,2390729163615,40640,0,8,9,10,27,32,34
London,ITA,Italy,86,2012,59539717,2072823157060,34814,0,8,9,11,28,27,32
Rio de Janeiro,ITA,Italy,86,2016,60600590,1858913163928,30674,0,8,12,8,28,28,27
Moskva,JAM,Jamaica,87,1980,2163045,2679409453,1238,0,0,0,3,3,2,1
Los Angeles,JAM,Jamaica,87,1984,2308947,2373566957,1027,0,0,1,2,3,3,2
Seoul,JAM,Jamaica,87,1988,2393534,3828310735,1599,0,0,2,0,2,3,3
Barcelona,JAM,Jamaica,87,1992,2465362,3530892749,1432,0,0,3,1,4,2,3
Atlanta,JAM,Jamaica,87,1996,2561993,6504445801,2538,0,1,3,2,6,4,2
Sydney,JAM,Jamaica,87,2000,2656864,8929375580,3360,0,0,6,3,9,6,4
Athina,JAM,Jamaica,87,2004,2728777,10150978155,3719,0,2,1,2,5,9,6
Beijing,JAM,Jamaica,87,2008,2790122,13678606692,4902,0,5,3,2,10,5,9
London,JAM,Jamaica,87,2012,2840992,14800165407,5209,0,4,4,4,12,10,5
Rio de Janeiro,JAM,Jamaica,87,2016,2881355,14056908749,4878,0,6,3,2,11,12,10
Montreal,JPN,Japan,88,1976,112771e3,583142956488,5171,0,9,6,10,25,29,25
Los Angeles,JPN,Japan,88,1984,120018e3,1309740021610,10912,0,10,7,14,31,25,29
Seoul,JPN,Japan,88,1988,122613e3,3050637784818,24880,0,4,3,7,14,31,25
Barcelona,JPN,Japan,88,1992,124229e3,3897826229663,31376,0,3,8,11,22,14,31
Atlanta,JPN,Japan,88,1996,125757e3,4833712542207,38436,0,3,6,5,14,22,14
Sydney,JPN,Japan,88,2000,126843e3,4887519660745,38532,0,5,8,5,18,14,22
Athina,JPN,Japan,88,2004,127761e3,4815148854362,37688,0,16,9,12,37,18,14
Beijing,JPN,Japan,88,2008,128063e3,5037908465114,39339,0,9,7,9,25,37,18
London,JPN,Japan,88,2012,127629e3,6203213121334,48603,0,7,14,17,38,25,37
Rio de Janeiro,JPN,Japan,88,2016,126994511,4940158776617,38900,0,12,8,21,41,38,25
Atlanta,JOR,Jordan,89,1996,4716373,6928359238,1469,0,0,0,0,0,0,0
Sydney,JOR,Jordan,89,2000,5103130,8460424401,1657,0,0,0,0,0,0,0
Athina,JOR,Jordan,89,2004,5535595,11411390409,2061,0,0,0,0,0,0,0
Beijing,JOR,Jordan,89,2008,6489822,21972004086,3385,0,0,0,0,0,0,0
London,JOR,Jordan,89,2012,7992573,30937277606,3870,0,0,0,0,0,0,0
Rio de Janeiro,JOR,Jordan,89,2016,9455802,38654727746,4087,0,1,0,0,1,0,0
London,KAZ,Kazakhstan,90,2012,16791425,207998568866,12387,0,7,1,5,13,13,8
Rio de Janeiro,KAZ,Kazakhstan,90,2016,17797032,137278320084,7713,0,3,5,10,18,13,13
Los Angeles,KEN,Kenya,91,1984,18937738,6191437070,326,0,1,0,2,3,9,9
Seoul,KEN,Kenya,91,1988,21871442,8355380879,382,0,5,2,2,9,3,9
Barcelona,KEN,Kenya,91,1992,24963953,8209129172,328,0,2,4,2,8,9,3
Atlanta,KEN,Kenya,91,1996,28147734,12045858436,427,0,1,4,3,8,8,9
Sydney,KEN,Kenya,91,2000,31450483,12705357103,403,0,2,3,2,7,8,8
Athina,KEN,Kenya,91,2004,35074931,16095337094,458,0,1,4,2,7,7,8
Beijing,KEN,Kenya,91,2008,39148416,35895153328,916,0,6,4,5,15,7,7
London,KEN,Kenya,91,2012,43646629,50412754822,1155,0,2,4,5,11,15,7
Rio de Janeiro,KEN,Kenya,91,2016,48461567,70529014778,1455,0,6,6,1,13,11,15
Los Angeles,KWT,Kuwait,93,1984,1655833,21697297872,13103,0,0,0,0,0,0,0
Seoul,KWT,Kuwait,93,1988,2038885,20692472760,10148,0,0,0,0,0,0,0
Atlanta,KWT,Kuwait,93,1996,1631740,31493987642,19300,0,0,0,0,0,0,0
Sydney,KWT,Kuwait,93,2000,2050741,37711864407,18389,0,0,0,1,1,0,0
Athina,KWT,Kuwait,93,2004,2207939,59440108585,26921,0,0,0,0,0,1,0
Beijing,KWT,Kuwait,93,2008,2652340,147395833333,55571,0,0,0,0,0,0,1
London,KWT,Kuwait,93,2012,3395556,174070025009,51264,0,0,0,1,1,0,0
London,KGZ,Kyrgyzstan,94,2012,5607200,6605139933,1177,0,0,0,0,0,2,0
Rio de Janeiro,KGZ,Kyrgyzstan,94,2016,6082700,6551287938,1077,0,0,0,0,0,0,2
Athina,LAO,Laos,95,2004,5664605,2366398120,417,0,0,0,0,0,0,0
Beijing,LAO,Laos,95,2008,6052190,5443915121,899,0,0,0,0,0,0,0
London,LAO,Laos,95,2012,6415169,10191350120,1588,0,0,0,0,0,0,0
Rio de Janeiro,LAO,Laos,95,2016,6758353,15903329473,2353,0,0,0,0,0,0,0
London,LVA,Latvia,96,2012,2034319,28119996053,13822,0,1,0,1,2,3,4
Rio de Janeiro,LVA,Latvia,96,2016,1960424,27572698482,14064,0,0,0,0,0,2,3
Athina,LBN,Lebanon,97,2004,3863267,20955223881,5424,0,0,0,0,0,0,0
Beijing,LBN,Lebanon,97,2008,4111047,29227350570,7109,0,0,0,0,0,0,0
London,LBN,Lebanon,97,2012,4916404,43868565282,8922,0,0,0,0,0,0,0
Rio de Janeiro,LBN,Lebanon,97,2016,6006668,49598825982,8257,0,0,0,0,0,0,0
Barcelona,LSO,Lesotho,98,1992,1667121,831033941,498,0,0,0,0,0,0,0
Atlanta,LSO,Lesotho,98,1996,1787273,946123276,529,0,0,0,0,0,0,0
Sydney,LSO,Lesotho,98,2000,1868699,887295268,474,0,0,0,0,0,0,0
Athina,LSO,Lesotho,98,2004,1933728,1511236656,781,0,0,0,0,0,0,0
Beijing,LSO,Lesotho,98,2008,1999930,1870722801,935,0,0,0,0,0,0,0
London,LSO,Lesotho,98,2012,2089928,2678494689,1281,0,0,0,0,0,0,0
Rio de Janeiro,LSO,Lesotho,98,2016,2203821,2291321667,1039,0,0,0,0,0,0,0
Seoul,LBR,Liberia,99,1988,2165090,10383e5,479,0,0,0,0,0,0,0
Atlanta,LBR,Liberia,99,1996,2191179,1594e5,72,0,0,0,0,0,0,0
Sydney,LBR,Liberia,99,2000,2884522,529064600,183,0,0,0,0,0,0,0
Athina,LBR,Liberia,99,2004,3176414,4747e5,149,0,0,0,0,0,0,0
Beijing,LBR,Liberia,99,2008,3662993,850040500,232,0,0,0,0,0,0,0
London,LBR,Liberia,99,2012,4181563,17355e5,415,0,0,0,0,0,0,0
Rio de Janeiro,LBR,Liberia,99,2016,4613823,2101e6,455,0,0,0,0,0,0,0
Beijing,LBY,Libya,100,2008,6053078,87140405361,14396,0,0,0,0,0,0,0
Barcelona,LIE,Liechtenstein,101,1992,29497,1631197909,55300,0,0,0,0,0,0,0
Atlanta,LIE,Liechtenstein,101,1996,31325,2504033252,79937,0,0,0,0,0,0,0
Sydney,LIE,Liechtenstein,101,2000,33286,2483953103,74624,0,0,0,0,0,0,0
Athina,LIE,Liechtenstein,101,2004,34596,3454362686,99848,0,0,0,0,0,0,0
Beijing,LIE,Liechtenstein,101,2008,35541,5081432924,142973,0,0,0,0,0,0,0
London,LIE,Liechtenstein,101,2012,36545,5456009385,149295,0,0,0,0,0,0,0
London,LTU,Lithuania,102,2012,2987773,42847900766,14341,0,2,1,2,5,5,3
Rio de Janeiro,LTU,Lithuania,102,2016,2872298,42738875963,14879,0,0,1,3,4,5,5
Montreal,LUX,Luxembourg,103,1976,360731,3544268025,9825,0,0,0,0,0,0,0
Moskva,LUX,Luxembourg,103,1980,364150,6232005656,17113,0,0,0,0,0,0,0
Los Angeles,LUX,Luxembourg,103,1984,365998,4594891581,12554,0,0,0,0,0,0,0
Seoul,LUX,Luxembourg,103,1988,373450,9750161053,26108,0,0,0,0,0,0,0
Barcelona,LUX,Luxembourg,103,1992,392175,16065740778,40965,0,0,0,0,0,0,0
Atlanta,LUX,Luxembourg,103,1996,414225,21776609772,52571,0,0,0,0,0,0,0
Sydney,LUX,Luxembourg,103,2000,436300,21263514833,48735,0,0,0,0,0,0,0
Athina,LUX,Luxembourg,103,2004,458095,34685281848,75716,0,0,0,0,0,0,0
Beijing,LUX,Luxembourg,103,2008,488650,55849686539,114293,0,0,0,0,0,0,0
London,LUX,Luxembourg,103,2012,530946,56677961787,106749,0,0,0,0,0,0,0
Rio de Janeiro,LUX,Luxembourg,103,2016,582972,58631324559,100573,0,0,0,0,0,0,0
London,MKD,Macedonia,104,2012,2074036,9745251126,4698,0,0,0,0,0,0,0
Rio de Janeiro,MKD,Macedonia,104,2016,2081206,10899583155,5237,0,0,0,0,0,0,0
Los Angeles,MDG,Madagascar,105,1984,9780872,2939485472,300,0,0,0,0,0,0,0
Barcelona,MDG,Madagascar,105,1992,12301336,3024459564,245,0,0,0,0,0,0,0
Atlanta,MDG,Madagascar,105,1996,13902688,3995028593,287,0,0,0,0,0,0,0
Sydney,MDG,Madagascar,105,2000,15766806,3877673539,245,0,0,0,0,0,0,0
Athina,MDG,Madagascar,105,2004,17802997,4363934494,245,0,0,0,0,0,0,0
Beijing,MDG,Madagascar,105,2008,19996469,9413002921,470,0,0,0,0,0,0,0
London,MDG,Madagascar,105,2012,22346573,9919780071,443,0,0,0,0,0,0,0
Rio de Janeiro,MDG,Madagascar,105,2016,24894551,10001193420,401,0,0,0,0,0,0,0
Atlanta,MWI,Malawi,106,1996,10109789,2281039098,225,0,0,0,0,0,0,0
Sydney,MWI,Malawi,106,2000,11376172,1743506287,153,0,0,0,0,0,0,0
Athina,MWI,Malawi,106,2004,12676038,3476094499,274,0,0,0,0,0,0,0
Beijing,MWI,Malawi,106,2008,14271234,5320925102,372,0,0,0,0,0,0,0
London,MWI,Malawi,106,2012,16097305,6028470989,374,0,0,0,0,0,0,0
Rio de Janeiro,MWI,Malawi,106,2016,18091575,5433038647,300,0,0,0,0,0,0,0
Montreal,MYS,Malaysia,107,1976,12468893,11050125905,886,0,0,0,0,0,0,0
Los Angeles,MYS,Malaysia,107,1984,15191625,33943505718,2234,0,0,0,0,0,0,0
Seoul,MYS,Malaysia,107,1988,17027588,35271880250,2071,0,0,0,0,0,0,0
Barcelona,MYS,Malaysia,107,1992,19012724,59167157498,3111,0,0,0,1,1,0,0
Atlanta,MYS,Malaysia,107,1996,21023321,100854996423,4797,0,0,1,1,2,1,0
Sydney,MYS,Malaysia,107,2000,23185608,93789736842,4045,0,0,0,0,0,2,1
Athina,MYS,Malaysia,107,2004,25174109,124749736842,4955,0,0,0,0,0,0,2
Beijing,MYS,Malaysia,107,2008,27111069,230813597938,8513,0,0,1,0,1,0,0
London,MYS,Malaysia,107,2012,29170456,314443149443,10779,0,0,1,1,2,1,0
Rio de Janeiro,MYS,Malaysia,107,2016,31187265,296535930381,9508,0,0,4,1,5,2,1
Athina,MDV,Maldives,108,2004,312e3,1226829565,3932,0,0,0,0,0,0,0
Beijing,MDV,Maldives,108,2008,362e3,2271646188,6275,0,0,0,0,0,0,0
London,MDV,Maldives,108,2012,385e3,2886170570,7496,0,0,0,0,0,0,0
Rio de Janeiro,MDV,Maldives,108,2016,417492,4224209599,10118,0,0,0,0,0,0,0
Seoul,MLI,Mali,109,1988,8180728,2169040742,265,0,0,0,0,0,0,0
Barcelona,MLI,Mali,109,1992,8868263,2830673389,319,0,0,0,0,0,0,0
Atlanta,MLI,Mali,109,1996,9856810,2780422212,282,0,0,0,0,0,0,0
Sydney,MLI,Mali,109,2000,10967690,2954129566,269,0,0,0,0,0,0,0
Athina,MLI,Mali,109,2004,12391906,5444474268,439,0,0,0,0,0,0,0
Beijing,MLI,Mali,109,2008,14138216,9750822511,689,0,0,0,0,0,0,0
London,MLI,Mali,109,2012,16006670,12442747897,777,0,0,0,0,0,0,0
Rio de Janeiro,MLI,Mali,109,2016,17994837,14034980334,779,0,0,0,0,0,0,0
Barcelona,MLT,Malta,110,1992,367618,3021910217,8220,0,0,0,0,0,0,0
Atlanta,MLT,Malta,110,1996,379905,3570271558,9397,0,0,0,0,0,0,0
Sydney,MLT,Malta,110,2000,390087,4306192436,11039,0,0,0,0,0,0,0
Athina,MLT,Malta,110,2004,401268,6062780269,15109,0,0,0,0,0,0,0
Beijing,MLT,Malta,110,2008,409379,8977149553,21928,0,0,0,0,0,0,0
London,MLT,Malta,110,2012,419455,9203729739,21942,0,0,0,0,0,0,0
Rio de Janeiro,MLT,Malta,110,2016,436947,10999047580,25172,0,0,0,0,0,0,0
Sydney,MRT,Mauritania,112,2000,2709359,1293654175,477,0,0,0,0,0,0,0
Athina,MRT,Mauritania,112,2004,3042823,1833444740,602,0,0,0,0,0,0,0
Beijing,MRT,Mauritania,112,2008,3407541,3978425881,1167,0,0,0,0,0,0,0
London,MRT,Mauritania,112,2012,3830239,5225533500,1364,0,0,0,0,0,0,0
Rio de Janeiro,MRT,Mauritania,112,2016,4301018,4739298730,1101,0,0,0,0,0,0,0
Sydney,MUS,Mauritius,113,2000,1186873,4582555125,3861,0,0,0,0,0,0,0
Athina,MUS,Mauritius,113,2004,1221003,6385695187,5229,0,0,0,0,0,0,0
Beijing,MUS,Mauritius,113,2008,1244121,9990370016,8030,0,0,0,1,1,0,0
London,MUS,Mauritius,113,2012,1255882,11668685524,9291,0,0,0,0,0,1,0
Rio de Janeiro,MUS,Mauritius,113,2016,1263473,12168437744,9630,0,0,0,0,0,0,1
Montreal,MEX,Mexico,114,1976,62623763,89023915584,1421,0,1,0,1,2,1,9
Moskva,MEX,Mexico,114,1980,69360871,194356826087,2802,0,0,1,3,4,2,1
Los Angeles,MEX,Mexico,114,1984,75780605,175632157330,2317,0,2,3,1,6,4,2
Seoul,MEX,Mexico,114,1988,82083919,183144268180,2231,0,0,0,2,2,6,4
Barcelona,MEX,Mexico,114,1992,88828310,363609256196,4093,0,0,1,0,1,2,6
Atlanta,MEX,Mexico,114,1996,95687452,397404140458,4153,0,0,0,1,1,1,2
Sydney,MEX,Mexico,114,2000,101719673,683647965227,6720,0,1,2,3,6,1,1
Athina,MEX,Mexico,114,2004,106995583,770267585947,7199,0,0,3,1,4,6,1
Beijing,MEX,Mexico,114,2008,113661809,1101275278669,9689,0,2,0,1,3,4,6
London,MEX,Mexico,114,2012,120828307,1186598324462,9820,0,1,3,3,7,3,4
Rio de Janeiro,MEX,Mexico,114,2016,127540423,1046922702461,8208,0,0,3,2,5,7,3
Rio de Janeiro,FSM,Micronesia (Federated States of),115,2016,104937,329895600,3143,0,0,0,0,0,0,0
London,MDA,Moldova,116,2012,3559519,7284686576,2046,0,0,0,2,2,1,0
Rio de Janeiro,MDA,Moldova,116,2016,3552e3,6749515655,1900,0,0,0,0,0,2,1
Barcelona,MCO,Monaco,117,1992,29863,2737066956,91654,0,0,0,0,0,0,0
Atlanta,MCO,Monaco,117,1996,30967,3137848783,101328,0,0,0,0,0,0,0
Sydney,MCO,Monaco,117,2000,32082,2647883820,82534,0,0,0,0,0,0,0
Athina,MCO,Monaco,117,2004,33314,4110348444,123382,0,0,0,0,0,0,0
Beijing,MCO,Monaco,117,2008,35853,6919241412,192989,0,0,0,0,0,0,0
Athina,MNG,Mongolia,118,2004,2496832,1992066808,797,0,0,0,1,1,0,1
Beijing,MNG,Mongolia,118,2008,2628131,5623216449,2139,0,2,2,0,4,1,0
London,MNG,Mongolia,118,2012,2814226,12292770631,4368,0,0,2,3,5,4,1
Rio de Janeiro,MNG,Mongolia,118,2016,3027398,11183458131,3694,0,0,1,1,2,5,4
Montreal,MAR,Morocco,120,1976,18210754,9584323309,526,0,0,0,0,0,0,0
Los Angeles,MAR,Morocco,120,1984,22037610,14824728528,672,0,2,0,0,2,0,0
Seoul,MAR,Morocco,120,1988,23961820,25705296184,1072,0,1,0,2,3,2,0
Barcelona,MAR,Morocco,120,1992,25791494,33711069431,1307,0,1,1,1,3,3,2
Atlanta,MAR,Morocco,120,1996,27460603,43161452678,1571,0,0,0,2,2,3,3
Sydney,MAR,Morocco,120,2000,28849621,38857251336,1346,0,0,1,4,5,2,3
Athina,MAR,Morocco,120,2004,30179285,59626020162,1975,0,2,1,0,3,5,2
Beijing,MAR,Morocco,120,2008,31596855,92507257784,2927,0,0,1,1,2,3,5
London,MAR,Morocco,120,2012,33333789,98266306615,2947,0,0,0,1,1,2,3
Rio de Janeiro,MAR,Morocco,120,2016,35276786,103606321693,2936,0,0,0,1,1,1,2
Atlanta,MOZ,Mozambique,121,1996,16248232,3523842275,216,0,0,0,1,1,0,0
Sydney,MOZ,Mozambique,121,2000,18067687,5016469069,277,0,1,0,0,1,1,0
Athina,MOZ,Mozambique,121,2004,20312705,6831808930,336,0,0,0,0,0,1,1
Beijing,MOZ,Mozambique,121,2008,22846758,11494837053,503,0,0,0,0,0,0,1
London,MOZ,Mozambique,121,2012,25676606,14534278446,566,0,0,0,0,0,0,0
Rio de Janeiro,MOZ,Mozambique,121,2016,28829476,11014858592,382,0,0,0,0,0,0,0
Rio de Janeiro,MMR,Myanmar (Burma),122,2016,52885223,63225097051,1195,0,0,0,0,0,0,0
Beijing,NAM,Namibia,123,2008,2106375,8486721917,4029,0,0,0,0,0,0,0
London,NAM,Namibia,123,2012,2263934,13016272899,5749,0,0,0,0,0,0,0
Rio de Janeiro,NAM,Namibia,123,2016,2479713,10947880690,4414,0,0,0,0,0,0,0
Los Angeles,NPL,Nepal,125,1984,16347242,2581207388,157,0,0,0,0,0,0,0
Seoul,NPL,Nepal,125,1988,17873667,3487009748,195,0,0,0,0,0,0,0
Barcelona,NPL,Nepal,125,1992,19773772,3401211581,172,0,0,0,0,0,0,0
Atlanta,NPL,Nepal,125,1996,21903379,4521580381,206,0,0,0,0,0,0,0
Sydney,NPL,Nepal,125,2000,23740911,5494252208,231,0,0,0,0,0,0,0
Athina,NPL,Nepal,125,2004,25309449,7273938315,287,0,0,0,0,0,0,0
Beijing,NPL,Nepal,125,2008,26475859,12545438605,473,0,0,0,0,0,0,0
London,NPL,Nepal,125,2012,27649925,18851513891,681,0,0,0,0,0,0,0
Rio de Janeiro,NPL,Nepal,125,2016,28982771,21131983246,729,0,0,0,0,0,0,0
Montreal,NLD,Netherlands,126,1976,13774037,107775403067,7824,0,0,2,3,5,5,7
Moskva,NLD,Netherlands,126,1980,14149800,192661371425,13615,0,0,1,2,3,5,5
Los Angeles,NLD,Netherlands,126,1984,14424211,142075910371,9849,0,5,2,6,13,3,5
Seoul,NLD,Netherlands,126,1988,14760094,258567751143,17518,0,2,2,5,9,13,3
Barcelona,NLD,Netherlands,126,1992,15184166,358330385840,23598,0,2,6,7,15,9,13
Atlanta,NLD,Netherlands,126,1996,15530498,445704575163,28698,0,4,5,10,19,15,9
Sydney,NLD,Netherlands,126,2000,15925513,412807259996,25921,0,12,9,4,25,19,15
Athina,NLD,Netherlands,126,2004,16281779,650532654582,39954,0,4,9,9,22,25,19
Beijing,NLD,Netherlands,126,2008,16445593,936228211513,56928,0,7,5,4,16,22,25
London,NLD,Netherlands,126,2012,16754962,828946812397,49474,0,6,6,8,20,16,22
Rio de Janeiro,NLD,Netherlands,126,2016,17018408,777227541581,45669,0,8,7,4,19,20,16
Montreal,NZL,New Zealand,127,1976,3110500,13604832424,4373,0,2,1,1,4,3,3
Moskva,NZL,New Zealand,127,1980,3112900,23245512449,7467,0,0,0,0,0,4,3
Los Angeles,NZL,New Zealand,127,1984,3227100,21665456808,6713,0,8,1,2,11,0,4
Seoul,NZL,New Zealand,127,1988,3283400,45176167472,13758,0,3,2,8,13,11,0
Barcelona,NZL,New Zealand,127,1992,3531700,41649298171,11792,0,1,4,5,10,13,11
Atlanta,NZL,New Zealand,127,1996,3732e3,70140835299,18794,0,3,2,1,6,10,13
Sydney,NZL,New Zealand,127,2000,3857700,52623281957,13641,0,1,0,3,4,6,10
Athina,NZL,New Zealand,127,2004,4087500,103905882353,25420,0,3,2,0,5,4,6
Beijing,NZL,New Zealand,127,2008,4259800,133279679483,31287,0,3,2,4,9,5,4
London,NZL,New Zealand,127,2012,4408100,176192886551,39970,0,6,2,5,13,9,5
Rio de Janeiro,NZL,New Zealand,127,2016,4692700,184969146624,39416,0,4,9,5,18,13,9
Beijing,NIC,Nicaragua,128,2008,5594506,8496965842,1518,0,0,0,0,0,0,0
London,NIC,Nicaragua,128,2012,5877108,10532001130,1792,0,0,0,0,0,0,0
Rio de Janeiro,NIC,Nicaragua,128,2016,6149928,13230844687,2151,0,0,0,0,0,0,0
Seoul,NER,Niger,129,1988,7540253,2280356194,302,0,0,0,0,0,0,1
Barcelona,NER,Niger,129,1992,8549424,2344987614,274,0,0,0,0,0,0,0
Atlanta,NER,Niger,129,1996,9819964,1987770899,202,0,0,0,0,0,0,0
Sydney,NER,Niger,129,2000,11352973,1798374468,158,0,0,0,0,0,0,0
Athina,NER,Niger,129,2004,13127012,3052898739,232,0,0,0,0,0,0,0
Beijing,NER,Niger,129,2008,15228525,5403363917,354,0,0,0,0,0,0,0
London,NER,Niger,129,2012,17731634,6942209595,391,0,0,0,0,0,0,0
Rio de Janeiro,NER,Niger,129,2016,20672987,7528387858,364,0,0,1,0,1,0,0
Moskva,NGA,Nigeria,130,1980,73460724,64201788123,873,0,0,0,0,0,1,0
Los Angeles,NGA,Nigeria,130,1984,81497739,28500815241,349,0,0,1,1,2,0,1
Seoul,NGA,Nigeria,130,1988,90450281,23272161397,257,0,0,0,0,0,2,0
Barcelona,NGA,Nigeria,130,1992,100221563,29300903643,292,0,0,3,1,4,0,2
Atlanta,NGA,Nigeria,130,1996,110732904,34987951375,315,0,2,1,3,6,4,0
Sydney,NGA,Nigeria,130,2000,122352009,46386011231,379,0,1,2,0,3,6,4
Athina,NGA,Nigeria,130,2004,135393616,87845420504,648,0,0,0,2,2,3,6
Beijing,NGA,Nigeria,130,2008,150347390,208064753766,1383,0,0,1,3,4,2,3
London,NGA,Nigeria,130,2012,167297284,460953836444,2755,0,0,0,0,0,4,2
Rio de Janeiro,NGA,Nigeria,130,2016,185989640,404652720165,2175,0,0,0,1,1,0,4
Montreal,NOR,Norway,131,1976,4026152,35942270686,8927,0,1,1,0,2,4,2
Los Angeles,NOR,Norway,131,1984,4140099,62057955033,14989,0,0,1,2,3,2,4
Seoul,NOR,Norway,131,1988,4209488,101900260856,24207,0,2,3,0,5,3,2
Barcelona,NOR,Norway,131,1992,4286401,130838040068,30523,0,2,4,1,7,5,3
Atlanta,NOR,Norway,131,1996,4381336,163517783497,37321,0,2,2,3,7,7,5
Sydney,NOR,Norway,131,2000,4490967,171315639983,38146,0,4,3,3,10,7,7
Athina,NOR,Norway,131,2004,4591910,264357494659,57570,0,5,0,1,6,10,7
Beijing,NOR,Norway,131,2008,4768212,462554432624,97007,0,3,5,1,9,6,10
London,NOR,Norway,131,2012,5018573,510229136227,101668,0,2,1,1,4,9,6
Rio de Janeiro,NOR,Norway,131,2016,5232929,371076190476,70911,0,0,0,4,4,4,9
Sydney,OMN,Oman,132,2000,2267991,19507412224,8601,0,0,0,0,0,0,0
Athina,OMN,Oman,132,2004,2444751,24763589077,10129,0,0,0,0,0,0,0
Beijing,OMN,Oman,132,2008,2759014,60905331599,22075,0,0,0,0,0,0,0
London,OMN,Oman,132,2012,3464644,76689583355,22134,0,0,0,0,0,0,0
Rio de Janeiro,OMN,Oman,132,2016,4424762,66293368010,14982,0,0,0,0,0,0,0
Montreal,PAK,Pakistan,133,1976,68813220,13338484980,193,0,0,0,1,1,1,1
Los Angeles,PAK,Pakistan,133,1984,89228949,31151824659,349,0,1,0,0,1,1,1
Seoul,PAK,Pakistan,133,1988,101474835,38472741737,379,0,0,0,1,1,1,1
Barcelona,PAK,Pakistan,133,1992,113747135,48635176853,427,0,0,0,1,1,1,1
Atlanta,PAK,Pakistan,133,1996,125938339,63320122807,502,0,0,0,0,0,1,1
Sydney,PAK,Pakistan,133,2000,138523285,73952374970,533,0,0,0,0,0,0,1
Athina,PAK,Pakistan,133,2004,150780300,97977766198,649,0,0,0,0,0,0,0
Beijing,PAK,Pakistan,133,2008,163644603,170077814106,1039,0,0,0,0,0,0,0
London,PAK,Pakistan,133,2012,177911533,224383620830,1261,0,0,0,0,0,0,0
Rio de Janeiro,PAK,Pakistan,133,2016,193203476,278913371202,1443,0,0,0,0,0,0,0
Rio de Janeiro,PLW,Palau,134,2016,21503,310248300,14428,0,0,0,0,0,0,0
London,PSE,Palestinian Territories,135,2012,4046901,112794e5,2787,0,0,0,0,0,0,0
Rio de Janeiro,PSE,Palestinian Territories,135,2016,4551566,133971e5,2943,0,0,0,0,0,0,0
Montreal,PAN,Panama,136,1976,1791453,2588106e3,1444,0,0,0,0,0,0,0
Los Angeles,PAN,Panama,136,1984,2170409,6183387100,2848,0,0,0,0,0,0,0
Seoul,PAN,Panama,136,1988,2368618,5902783400,2492,0,0,0,0,0,0,0
Barcelona,PAN,Panama,136,1992,2576018,8042337700,3122,0,0,0,0,0,0,0
Atlanta,PAN,Panama,136,1996,2796344,9870494e3,3529,0,0,0,0,0,0,0
Sydney,PAN,Panama,136,2000,3030347,12304115e3,4060,0,0,0,0,0,0,0
Athina,PAN,Panama,136,2004,3269541,15013381700,4591,0,0,0,0,0,0,0
Beijing,PAN,Panama,136,2008,3516268,245222e5,6973,0,1,0,0,1,0,0
London,PAN,Panama,136,2012,3772938,39954761200,10589,0,0,0,0,0,1,0
Rio de Janeiro,PAN,Panama,136,2016,4034119,551877e5,13680,0,0,0,0,0,0,1
Atlanta,PNG,Papua New Guinea,137,1996,5022437,5155485420,1026,0,0,0,0,0,0,0
Sydney,PNG,Papua New Guinea,137,2000,5572222,3521348155,631,0,0,0,0,0,0,0
Athina,PNG,Papua New Guinea,137,2004,6161517,3927157867,637,0,0,0,0,0,0,0
Beijing,PNG,Papua New Guinea,137,2008,6787187,11670678864,1719,0,0,0,0,0,0,0
London,PNG,Papua New Guinea,137,2012,7430836,21295834133,2865,0,0,0,0,0,0,0
Rio de Janeiro,PNG,Papua New Guinea,137,2016,8084991,20213214172,2500,0,0,0,0,0,0,0
Seoul,PRY,Paraguay,138,1988,3994331,4082625953,1022,0,0,0,0,0,0,0
Barcelona,PRY,Paraguay,138,1992,4432736,7157424031,1614,0,0,0,0,0,0,0
Atlanta,PRY,Paraguay,138,1996,4870694,9788391733,2009,0,0,0,0,0,0,0
Sydney,PRY,Paraguay,138,2000,5302700,8195993231,1545,0,0,0,0,0,0,0
Athina,PRY,Paraguay,138,2004,5703740,8033877360,1408,0,0,1,0,1,0,0
Beijing,PRY,Paraguay,138,2008,6047117,18504130753,3059,0,0,0,0,0,1,0
London,PRY,Paraguay,138,2012,6379219,24595319574,3855,0,0,0,0,0,0,1
Rio de Janeiro,PRY,Paraguay,138,2016,6725308,27424071383,4077,0,0,0,0,0,0,0
Montreal,PER,Peru,139,1976,15639901,15947709380,1019,0,0,0,0,0,0,0
Moskva,PER,Peru,139,1980,17359120,18134029180,1044,0,0,0,0,0,0,0
Los Angeles,PER,Peru,139,1984,19099584,17599660054,921,0,0,1,0,1,0,0
Seoul,PER,Peru,139,1988,20909895,15439408447,738,0,0,1,0,1,1,0
Barcelona,PER,Peru,139,1992,22737056,36139225288,1589,0,0,1,0,1,1,1
Atlanta,PER,Peru,139,1996,24441074,55252414130,2260,0,0,0,0,0,1,1
Sydney,PER,Peru,139,2000,25914879,51744749133,1996,0,0,0,0,0,0,1
Athina,PER,Peru,139,2004,27273194,66768703498,2448,0,0,0,0,0,0,0
Beijing,PER,Peru,139,2008,28641980,120550599815,4208,0,0,0,0,0,0,0
London,PER,Peru,139,2012,30158966,192648999090,6387,0,0,0,0,0,0,0
Rio de Janeiro,PER,Peru,139,2016,31773839,192207342005,6049,0,0,0,0,0,0,0
Montreal,PHL,Philippines,140,1976,42461193,17097563270,402,0,0,0,0,0,0,0
Los Angeles,PHL,Philippines,140,1984,52873974,31408492877,594,0,0,0,0,0,0,0
Seoul,PHL,Philippines,140,1988,58845205,37885440419,643,0,0,0,1,1,0,0
Barcelona,PHL,Philippines,140,1992,65075486,52976344929,814,0,0,0,1,1,1,0
Atlanta,PHL,Philippines,140,1996,71446107,82848140618,1159,0,0,1,0,1,1,1
Sydney,PHL,Philippines,140,2000,77991569,81026297144,1038,0,0,0,0,0,1,1
Athina,PHL,Philippines,140,2004,84678493,91371239765,1079,0,0,0,0,0,0,1
Beijing,PHL,Philippines,140,2008,90751864,174195135053,1919,0,0,0,0,0,0,0
London,PHL,Philippines,140,2012,96866642,250092093548,2581,0,0,0,0,0,0,0
Rio de Janeiro,PHL,Philippines,140,2016,103320222,304905406845,2951,0,0,1,0,1,0,0
Beijing,POL,Poland,141,2008,38125759,533815789474,14001,0,3,6,1,10,10,14
London,POL,Poland,141,2012,38063164,500284003684,13143,0,2,2,6,10,10,10
Rio de Janeiro,POL,Poland,141,2016,37948016,471364408714,12421,0,2,3,6,11,10,10
Montreal,PRT,Portugal,142,1976,9355810,20334835544,2173,0,0,2,0,2,0,0
Moskva,PRT,Portugal,142,1980,9766312,32899759311,3368,0,0,0,0,0,2,0
Los Angeles,PRT,Portugal,142,1984,9996232,25220451794,2522,0,1,0,2,3,0,2
Seoul,PRT,Portugal,142,1988,10019610,56352797354,5624,0,1,0,0,1,3,0
Barcelona,PRT,Portugal,142,1992,9952494,107602689041,10811,0,0,0,0,0,1,3
Atlanta,PRT,Portugal,142,1996,10063945,122629812841,12185,0,1,0,1,2,0,1
Sydney,PRT,Portugal,142,2000,10289898,118358489958,11502,0,0,0,2,2,2,0
Athina,PRT,Portugal,142,2004,10483861,189187437298,18045,0,0,2,1,3,2,2
Beijing,PRT,Portugal,142,2008,10558177,262007590450,24815,0,1,1,0,2,3,2
London,PRT,Portugal,142,2012,10514844,216368178659,20577,0,0,1,0,1,2,3
Rio de Janeiro,PRT,Portugal,142,2016,10324611,204836597909,19839,0,0,0,1,1,1,2
Montreal,PRI,Puerto Rico,143,1976,3043854,89686e5,2946,0,0,0,1,1,0,0
Moskva,PRI,Puerto Rico,143,1980,3206e3,144361e5,4502,0,0,0,0,0,1,0
Los Angeles,PRI,Puerto Rico,143,1984,3344190,191626e5,5730,0,0,1,1,2,0,1
Seoul,PRI,Puerto Rico,143,1988,3473898,261784e5,7535,0,0,0,0,0,2,0
Barcelona,PRI,Puerto Rico,143,1992,3585176,3463043e4,9659,0,0,0,1,1,0,2
Atlanta,PRI,Puerto Rico,143,1996,3724655,45340835e3,12173,0,0,0,1,1,1,0
Sydney,PRI,Puerto Rico,143,2000,3810605,6170181e4,16192,0,0,0,0,0,1,1
Athina,PRI,Puerto Rico,143,2004,3826878,80322313e3,20988,0,0,0,0,0,0,1
Beijing,PRI,Puerto Rico,143,2008,3760866,93639316e3,24898,0,0,0,0,0,0,0
London,PRI,Puerto Rico,143,2012,3634488,101080738e3,27811,0,0,1,1,2,0,0
Sydney,QAT,Qatar,144,2000,592267,17759890110,29986,0,0,0,1,1,0,1
Athina,QAT,Qatar,144,2004,758855,31734065934,41818,0,0,0,0,0,1,0
Beijing,QAT,Qatar,144,2008,1389342,115270054945,82967,0,0,0,0,0,0,1
London,QAT,Qatar,144,2012,2109568,186833516484,88564,0,0,0,2,2,0,0
Rio de Janeiro,QAT,Qatar,144,2016,2569804,152451923077,59324,0,0,1,0,1,2,0
Athina,ROU,Romania,145,2004,21451748,76216441462,3552,0,8,5,6,19,26,20
Beijing,ROU,Romania,145,2008,20537875,208181626901,10136,0,4,1,3,8,19,26
London,ROU,Romania,145,2012,20058035,171664638717,8558,0,2,5,2,9,8,19
Rio de Janeiro,ROU,Romania,145,2016,19705301,187592037840,9519,0,1,1,2,4,9,8
Beijing,RUS,Russia,146,2008,142742350,1660844408500,11635,0,23,21,28,72,90,89
London,RUS,Russia,146,2012,143201676,2210256976945,15434,0,24,26,32,82,72,90
Rio de Janeiro,RUS,Russia,146,2016,144342396,1283162985989,8889,0,19,17,20,56,82,72
Sydney,RWA,Rwanda,147,2000,8025703,1734938264,216,0,0,0,0,0,0,0
Athina,RWA,Rwanda,147,2004,8818438,2089188829,236,0,0,0,0,0,0,0
Beijing,RWA,Rwanda,147,2008,9708169,4860576609,500,0,0,0,0,0,0,0
London,RWA,Rwanda,147,2012,10788853,7315702176,678,0,0,0,0,0,0,0
Rio de Janeiro,RWA,Rwanda,147,2016,11917508,8376048905,702,0,0,0,0,0,0,0
Sydney,WSM,Samoa,148,2000,174610,269019710,1540,0,0,0,0,0,0,0
Athina,WSM,Samoa,148,2004,178781,420320176,2351,0,0,0,0,0,0,0
Beijing,WSM,Samoa,148,2008,183526,644132489,3509,0,0,0,0,0,0,0
London,WSM,Samoa,148,2012,189194,801168622,4234,0,0,0,0,0,0,0
Rio de Janeiro,WSM,Samoa,148,2016,195125,786356315,4030,0,0,0,0,0,0,0
Rio de Janeiro,SMR,San Marino,149,2016,33203,1590707965,47908,0,0,0,0,0,0,0
Barcelona,SAU,Saudi Arabia,151,1992,17378833,137087876662,7888,0,0,0,0,0,0,0
Atlanta,SAU,Saudi Arabia,151,1996,19131578,158662398745,8293,0,0,0,0,0,0,0
Sydney,SAU,Saudi Arabia,151,2000,20764312,189514926213,9126,0,0,1,1,2,0,0
Athina,SAU,Saudi Arabia,151,2004,23228890,258742133333,11138,0,0,0,0,0,2,0
Beijing,SAU,Saudi Arabia,151,2008,25940770,5197968e5,20037,0,0,0,0,0,0,2
London,SAU,Saudi Arabia,151,2012,29086357,735974843360,25303,0,0,0,1,1,0,0
Rio de Janeiro,SAU,Saudi Arabia,151,2016,32275687,646438380560,20028,0,0,0,0,0,1,0
Moskva,SEN,Senegal,152,1980,5592646,3503282103,626,0,0,0,0,0,0,0
Los Angeles,SEN,Senegal,152,1984,6289327,2705535756,430,0,0,0,0,0,0,0
Seoul,SEN,Senegal,152,1988,7107976,4985153203,701,0,0,1,0,1,0,0
Barcelona,SEN,Senegal,152,1992,8029725,6004885321,747,0,0,0,0,0,1,0
Atlanta,SEN,Senegal,152,1996,8974077,5065830414,564,0,0,0,0,0,0,1
Sydney,SEN,Senegal,152,2000,9884052,4679604754,473,0,0,0,0,0,0,0
Athina,SEN,Senegal,152,2004,10955944,8031344381,733,0,0,0,0,0,0,0
Beijing,SEN,Senegal,152,2008,12203957,13439023281,1101,0,0,0,0,0,0,0
London,SEN,Senegal,152,2012,13703513,14225310519,1038,0,0,0,0,0,0,0
Rio de Janeiro,SEN,Senegal,152,2016,15411614,14683697631,952,0,0,0,0,0,0,0
London,SRB,Serbia,153,2012,7199077,40742313861,5659,0,1,1,2,4,3,2
Rio de Janeiro,SRB,Serbia,153,2016,7057412,38299854688,5426,0,2,4,2,8,4,3
Sydney,SYC,Seychelles,154,2000,81131,614879765,7578,0,0,0,0,0,0,0
Athina,SYC,Seychelles,154,2004,82475,839319927,10176,0,0,0,0,0,0,0
Beijing,SYC,Seychelles,154,2008,86956,967199594,11122,0,0,0,0,0,0,0
London,SYC,Seychelles,154,2012,88303,1134267367,12845,0,0,0,0,0,0,0
Rio de Janeiro,SYC,Seychelles,154,2016,94677,1427323889,15075,0,0,0,0,0,0,0
Barcelona,SLE,Sierra Leone,155,1992,4331332,679997998,156,0,0,0,0,0,0,0
Atlanta,SLE,Sierra Leone,155,1996,4282350,941742153,219,0,0,0,0,0,0,0
Sydney,SLE,Sierra Leone,155,2000,4564297,635874002,139,0,0,0,0,0,0,0
Athina,SLE,Sierra Leone,155,2004,5439695,1431208677,263,0,0,0,0,0,0,0
Beijing,SLE,Sierra Leone,155,2008,6165372,2505458705,406,0,0,0,0,0,0,0
London,SLE,Sierra Leone,155,2012,6766103,3801862611,561,0,0,0,0,0,0,0
Rio de Janeiro,SLE,Sierra Leone,155,2016,7396190,3736588554,505,0,0,0,0,0,0,0
Los Angeles,SGP,Singapore,156,1984,2732221,19735920492,7223,0,0,0,0,0,0,0
Seoul,SGP,Singapore,156,1988,2846108,25337226971,8902,0,0,0,0,0,0,0
Barcelona,SGP,Singapore,156,1992,3230698,52156414979,16144,0,0,0,0,0,0,0
Atlanta,SGP,Singapore,156,1996,3670704,96403758865,26263,0,0,0,0,0,0,0
Sydney,SGP,Singapore,156,2000,4027887,95833932715,23792,0,0,0,0,0,0,0
Athina,SGP,Singapore,156,2004,4166664,114188557567,27405,0,0,0,0,0,0,0
Beijing,SGP,Singapore,156,2008,4839396,192225881688,39721,0,0,1,0,1,0,0
London,SGP,Singapore,156,2012,5312437,289162118909,54431,0,0,0,2,2,1,0
Rio de Janeiro,SGP,Singapore,156,2016,5607283,296975678610,52962,0,1,0,0,1,2,1
London,SVK,Slovakia,157,2012,5407579,93413992956,17274,0,0,1,3,4,6,6
Rio de Janeiro,SVK,Slovakia,157,2016,5428704,89768598023,16535,0,2,2,0,4,4,6
London,SVN,Slovenia,158,2012,2057159,46352802766,22532,0,1,1,2,4,5,4
Rio de Janeiro,SVN,Slovenia,158,2016,2064845,44708598649,21652,0,1,2,1,4,4,5
Sydney,SLB,Solomon Islands,159,2000,412609,435103853,1054,0,0,0,0,0,0,0
Athina,SLB,Solomon Islands,159,2004,458324,375111895,818,0,0,0,0,0,0,0
Beijing,SLB,Solomon Islands,159,2008,504477,608293860,1205,0,0,0,0,0,0,0
London,SLB,Solomon Islands,159,2012,551531,1025125082,1858,0,0,0,0,0,0,0
Rio de Janeiro,SLB,Solomon Islands,159,2016,599419,1202125e3,2005,0,0,0,0,0,0,0
Athina,ZAF,South Africa,161,2004,47001700.9913724,228937347866,4870,0,1,3,2,6,5,5
Beijing,ZAF,South Africa,161,2008,49557573.2955342,287099991517,5793,0,0,1,0,1,6,5
London,ZAF,South Africa,161,2012,52506515.0772335,396332598448,7548,0,3,2,1,6,1,6
Rio de Janeiro,ZAF,South Africa,161,2016,55908865,295456189492,5284,0,2,6,2,10,6,1
Montreal,KOR,South Korea,162,1976,35848523,29779338843,830,0,1,1,4,6,1,2
Los Angeles,KOR,South Korea,162,1984,40405956,96597434180,2390,0,6,6,7,19,6,1
Seoul,KOR,South Korea,162,1988,42031247,196964195387,4686,1,12,10,11,33,19,6
Barcelona,KOR,South Korea,162,1992,43747962,350051111253,8001,0,12,5,11,28,33,19
Atlanta,KOR,South Korea,162,1996,45524681,598099073901,13137,0,7,15,5,27,28,33
Sydney,KOR,South Korea,162,2000,47008111,561633125840,11947,0,8,10,10,28,27,28
Athina,KOR,South Korea,162,2004,48082519,764880644711,15907,0,9,12,9,30,28,27
Beijing,KOR,South Korea,162,2008,49054708,1002219052968,20430,0,13,10,8,31,30,28
London,KOR,South Korea,162,2012,50199853,1222807284485,24358,0,13,8,7,28,31,30
Rio de Janeiro,KOR,South Korea,162,2016,51245707,1411245589977,27538,0,9,3,9,21,28,31
Montreal,ESP,Spain,163,1976,36137812,118185307386,3270,0,0,2,0,2,1,0
Moskva,ESP,Spain,163,1980,37491165,232134606637,6191,0,1,3,2,6,2,1
Los Angeles,ESP,Spain,163,1984,38330364,171635463362,4477,0,1,2,2,5,6,2
Seoul,ESP,Spain,163,1988,38766939,375138723325,9676,0,1,1,2,4,5,6
Barcelona,ESP,Spain,163,1992,39157685,629202392004,16068,1,13,7,2,22,4,5
Atlanta,ESP,Spain,163,1996,39889852,640998292395,16069,0,5,6,6,17,22,4
Sydney,ESP,Spain,163,2000,40567864,595402616547,14676,0,3,3,5,11,17,22
Athina,ESP,Spain,163,2004,42921895,1069555500372,24918,0,3,11,6,20,11,17
Beijing,ESP,Spain,163,2008,45954106,1635015380108,35579,0,5,10,3,18,20,11
London,ESP,Spain,163,2012,46773055,1336018949806,28563,0,3,10,4,17,18,20
Rio de Janeiro,ESP,Spain,163,2016,46443959,1237255019654,26639,0,7,4,6,17,17,18
Moskva,LKA,Sri Lanka,164,1980,14747e3,4024621900,272,0,0,0,0,0,0,0
Los Angeles,LKA,Sri Lanka,164,1984,15583e3,6043474843,387,0,0,0,0,0,0,0
Seoul,LKA,Sri Lanka,164,1988,16593e3,6978371581,420,0,0,0,0,0,0,0
Barcelona,LKA,Sri Lanka,164,1992,17524e3,9703011636,553,0,0,0,0,0,0,0
Atlanta,LKA,Sri Lanka,164,1996,1821e4,13897738375,763,0,0,0,0,0,0,0
Sydney,LKA,Sri Lanka,164,2000,18655e3,16330814180,875,0,0,1,0,1,0,0
Athina,LKA,Sri Lanka,164,2004,19228e3,20662525941,1074,0,0,0,0,0,1,0
Beijing,LKA,Sri Lanka,164,2008,19817e3,40713812310,2054,0,0,0,0,0,0,1
London,LKA,Sri Lanka,164,2012,20425e3,68434399083,3350,0,0,0,0,0,0,0
Rio de Janeiro,LKA,Sri Lanka,164,2016,21203e3,81321876307,3835,0,0,0,0,0,0,0
London,KNA,St. Kitts & Nevis,165,2012,52591,734462667,13965,0,0,0,0,0,0,0
Rio de Janeiro,KNA,St. Kitts & Nevis,165,2016,54821,909854620,16596,0,0,0,0,0,0,0
London,LCA,St. Lucia,166,2012,174835,1436803333,8218,0,0,0,0,0,0,0
Rio de Janeiro,LCA,St. Lucia,166,2016,178015,1667078704,9364,0,0,0,0,0,0,0
Athina,VCT,St. Vincent & Grenadines,167,2004,108559,521975111,4808,0,0,0,0,0,0,0
Beijing,VCT,St. Vincent & Grenadines,167,2008,109165,695428852,6370,0,0,0,0,0,0,0
London,VCT,St. Vincent & Grenadines,167,2012,109328,692933741,6338,0,0,0,0,0,0,0
Rio de Janeiro,VCT,St. Vincent & Grenadines,167,2016,109643,768224227,7006,0,0,0,0,0,0,0
Seoul,SDN,Sudan,168,1988,18866319,15399166667,816,0,0,0,0,0,0,0
Barcelona,SDN,Sudan,168,1992,21701476,7034219713,324,0,0,0,0,0,0,0
Atlanta,SDN,Sudan,168,1996,24786190,9018243044,363,0,0,0,0,0,0,0
Sydney,SDN,Sudan,168,2000,27250535,12257418326,449,0,0,0,0,0,0,0
Athina,SDN,Sudan,168,2004,30186341,21457470203,710,0,0,0,0,0,0,0
Beijing,SDN,Sudan,168,2008,32955496,54526580232,1654,0,0,1,0,1,0,0
London,SDN,Sudan,168,2012,35990192,68125631150,1892,0,0,0,0,0,1,0
Rio de Janeiro,SDN,Sudan,168,2016,39578828,95584380032,2415,0,0,0,0,0,0,1
Seoul,SUR,Suriname,169,1988,391391,11609e5,2966,0,1,0,0,1,0,0
Barcelona,SUR,Suriname,169,1992,422763,4046e5,957,0,0,0,1,1,1,0
Atlanta,SUR,Suriname,169,1996,450036,860630923,1912,0,0,0,0,0,1,1
Sydney,SUR,Suriname,169,2000,472390,892164394,1888,0,0,0,0,0,0,1
Athina,SUR,Suriname,169,2004,493630,1484092538,3006,0,0,0,0,0,0,0
Beijing,SUR,Suriname,169,2008,515148,3532969035,6858,0,0,0,0,0,0,0
London,SUR,Suriname,169,2012,537077,498e7,9272,0,0,0,0,0,0,0
Rio de Janeiro,SUR,Suriname,169,2016,558368,3278425328,5871,0,0,0,0,0,0,0
Atlanta,SWZ,Swaziland,170,1996,981764,1602760100,1632,0,0,0,0,0,0,0
Sydney,SWZ,Swaziland,170,2000,1061468,1738100853,1637,0,0,0,0,0,0,0
Athina,SWZ,Swaziland,170,2004,1095053,2770082792,2529,0,0,0,0,0,0,0
Beijing,SWZ,Swaziland,170,2008,1158897,3294093485,2842,0,0,0,0,0,0,0
London,SWZ,Swaziland,170,2012,1248158,4823831657,3864,0,0,0,0,0,0,0
Rio de Janeiro,SWZ,Swaziland,170,2016,1343098,3720649375,2770,0,0,0,0,0,0,0
Montreal,SWE,Sweden,171,1976,8222286,88102107647,10715,0,4,1,0,5,16,4
Moskva,SWE,Sweden,171,1980,8310531,140088635568,16856,0,3,3,6,12,5,16
Los Angeles,SWE,Sweden,171,1984,8336605,107661673735,12914,0,2,11,6,19,12,5
Seoul,SWE,Sweden,171,1988,8436489,204068257818,24188,0,0,4,7,11,19,12
Barcelona,SWE,Sweden,171,1992,8668067,280312318915,32338,0,1,7,4,12,11,19
Atlanta,SWE,Sweden,171,1996,8840998,288103936773,32587,0,2,4,2,8,12,11
Sydney,SWE,Sweden,171,2000,8872109,259802012617,29283,0,4,5,3,12,8,12
Athina,SWE,Sweden,171,2004,8993531,381705425302,42442,0,4,2,1,7,12,8
Beijing,SWE,Sweden,171,2008,9219637,513965650650,55746,0,0,4,1,5,7,12
London,SWE,Sweden,171,2012,9519374,543880647757,57134,0,1,4,3,8,5,7
Rio de Janeiro,SWE,Sweden,171,2016,9903122,514459972806,51949,0,2,6,3,11,8,5
Los Angeles,CHE,Switzerland,172,1984,6441865,106285277142,16499,0,0,4,4,8,2,5
Seoul,CHE,Switzerland,172,1988,6593386,209298156701,31743,0,0,2,2,4,8,2
Barcelona,CHE,Switzerland,172,1992,6875364,271814366804,39534,0,1,0,0,1,4,8
Atlanta,CHE,Switzerland,172,1996,7071850,330091688350,46676,0,4,3,0,7,1,4
Sydney,CHE,Switzerland,172,2000,7184250,272055499941,37868,0,1,6,2,9,7,1
Athina,CHE,Switzerland,172,2004,7389625,394163688621,53340,0,1,1,3,5,9,7
Beijing,CHE,Switzerland,172,2008,7647675,554363487120,72487,0,2,1,4,7,5,9
London,CHE,Switzerland,172,2012,7996861,668043614123,83538,0,2,2,0,4,7,5
Rio de Janeiro,CHE,Switzerland,172,2016,8372098,668851296244,79890,0,3,2,2,7,4,7
Los Angeles,SYR,Syria,173,1984,10293049,17503082982,1700,0,0,1,0,1,0,0
Seoul,SYR,Syria,173,1988,11719071,10577042355,902,0,0,0,0,0,1,0
Barcelona,SYR,Syria,173,1992,13187085,13253565899,1005,0,0,0,0,0,0,1
Atlanta,SYR,Syria,173,1996,14755286,13789560878,934,0,1,0,0,1,0,0
Sydney,SYR,Syria,173,2000,16410848,19325894913,1177,0,0,0,0,0,1,0
Athina,SYR,Syria,173,2004,17806638,25086930693,1408,0,0,0,1,1,0,1
London,TJK,Tajikistan,174,2012,7995062,7633049792,954,0,0,0,1,1,2,0
Rio de Janeiro,TJK,Tajikistan,174,2016,8734951,6951657159,795,0,1,0,0,1,1,2
Athina,TZA,Tanzania,175,2004,38249984,12825801581,335,0,0,0,0,0,0,0
Beijing,TZA,Tanzania,175,2008,43270144,27368386358,632,0,0,0,0,0,0,0
London,TZA,Tanzania,175,2012,49082997,39087748240,796,0,0,0,0,0,0,0
Rio de Janeiro,TZA,Tanzania,175,2016,55572201,47340071107,851,0,0,0,0,0,0,0
Montreal,THA,Thailand,176,1976,43386841,16985211146,391,0,0,0,1,1,0,0
Los Angeles,THA,Thailand,176,1984,51108082,41797592963,817,0,0,1,0,1,1,0
Seoul,THA,Thailand,176,1988,54912334,61667199835,1123,0,0,0,1,1,1,1
Barcelona,THA,Thailand,176,1992,57837878,111452869378,1926,0,0,0,1,1,1,1
Atlanta,THA,Thailand,176,1996,60151472,183035154107,3042,0,1,0,1,2,1,1
Sydney,THA,Thailand,176,2000,62958021,126392308498,2007,0,1,0,2,3,2,1
Athina,THA,Thailand,176,2004,65002231,172895476153,2659,0,3,1,4,8,3,2
Beijing,THA,Thailand,176,2008,66545760,291383081232,4378,0,2,2,0,4,8,3
London,THA,Thailand,176,2012,67843979,397559992407,5859,0,0,2,1,3,4,8
Rio de Janeiro,THA,Thailand,176,2016,68863514,407026127310,5910,0,2,2,2,6,3,4
Atlanta,TGO,Togo,178,1996,4398238,1465448290,333,0,0,0,0,0,0,0
Sydney,TGO,Togo,178,2000,4970367,1294250233,260,0,0,0,0,0,0,0
Athina,TGO,Togo,178,2004,5534598,1937074572,349,0,0,0,0,0,0,0
Beijing,TGO,Togo,178,2008,6161796,3163416242,513,0,0,0,1,1,0,0
London,TGO,Togo,178,2012,6859482,3866617463,563,0,0,0,0,0,1,0
Rio de Janeiro,TGO,Togo,178,2016,7606374,4399995987,578,0,0,0,0,0,0,1
Sydney,TON,Tonga,179,2000,98082,202363492,2063,0,0,0,0,0,1,0
Athina,TON,Tonga,179,2004,100406,229358215,2284,0,0,0,0,0,0,1
Beijing,TON,Tonga,179,2008,103005,349484428,3392,0,0,0,0,0,0,0
London,TON,Tonga,179,2012,104951,472358251,4500,0,0,0,0,0,0,0
Rio de Janeiro,TON,Tonga,179,2016,107122,401562006,3748,0,0,0,0,0,0,0
Montreal,TTO,Trinidad & Tobago,180,1976,1025658,2500410584,2437,0,1,0,0,1,0,0
Moskva,TTO,Trinidad & Tobago,180,1980,1085308,6235833333,5745,0,0,0,0,0,1,0
Los Angeles,TTO,Trinidad & Tobago,180,1984,1155695,7757083333,6712,0,0,0,0,0,0,1
Seoul,TTO,Trinidad & Tobago,180,1988,1204893,4496852073,3732,0,0,0,0,0,0,0
Barcelona,TTO,Trinidad & Tobago,180,1992,1237487,5439552941,4395,0,0,0,0,0,0,0
Atlanta,TTO,Trinidad & Tobago,180,1996,1258364,5759537726,4577,0,0,0,2,2,0,0
Sydney,TTO,Trinidad & Tobago,180,2000,1267984,8154338233,6430,0,0,1,1,2,2,0
Athina,TTO,Trinidad & Tobago,180,2004,1290535,13280275123,10290,0,0,0,1,1,2,2
Beijing,TTO,Trinidad & Tobago,180,2008,1315372,27870257894,21188,0,1,1,0,2,1,2
London,TTO,Trinidad & Tobago,180,2012,1341588,25694164489,19152,0,1,1,2,4,2,1
Rio de Janeiro,TTO,Trinidad & Tobago,180,2016,1364962,21894706041,16040,0,0,0,1,1,4,2
Seoul,TUN,Tunisia,181,1988,7871459,10096292842,1282,0,0,0,0,0,0,0
Barcelona,TUN,Tunisia,181,1992,8603225,15497286296,1801,0,0,0,0,0,0,0
Atlanta,TUN,Tunisia,181,1996,9256037,19587322786,2116,0,0,0,1,1,0,0
Sydney,TUN,Tunisia,181,2000,9699197,21473188882,2213,0,0,0,0,0,1,0
Athina,TUN,Tunisia,181,2004,10017601,31183139301,3112,0,0,0,0,0,0,1
Beijing,TUN,Tunisia,181,2008,10407336,44856586316,4310,0,1,0,0,1,0,0
London,TUN,Tunisia,181,2012,10886668,45044112939,4137,0,1,1,1,3,1,0
Rio de Janeiro,TUN,Tunisia,181,2016,11403248,42062549395,3688,0,0,0,3,3,3,1
Montreal,TUR,Turkey,182,1976,40189511,51280134554,1275,0,0,0,0,0,1,2
Los Angeles,TUR,Turkey,182,1984,48114105,59989909458,1246,0,0,0,3,3,0,1
Seoul,TUR,Turkey,182,1988,52053704,90852814005,1745,0,1,1,0,2,3,0
Barcelona,TUR,Turkey,182,1992,55748875,158459130435,2842,0,2,2,2,6,2,3
Atlanta,TUR,Turkey,182,1996,59423208,181475555283,3053,0,4,1,1,6,6,2
Sydney,TUR,Turkey,182,2000,63240121,272979390595,4316,0,3,0,2,5,6,6
Athina,TUR,Turkey,182,2004,67007855,404786740091,6040,0,3,3,5,11,5,6
Beijing,TUR,Turkey,182,2008,70440032,764335657318,10850,0,1,3,3,7,11,5
London,TUR,Turkey,182,2012,74569867,873981786532,11720,0,2,2,1,5,7,11
Rio de Janeiro,TUR,Turkey,182,2016,79512426,863711710427,10862,0,1,3,4,8,5,7
London,TKM,Turkmenistan,183,2012,5267839,35164210526,6675,0,0,0,0,0,0,0
Rio de Janeiro,TKM,Turkmenistan,183,2016,5662544,36179885714,6389,0,0,0,0,0,0,0
Seoul,VIR,U.S. Virgin Islands,185,1988,104500,1204600064,11527,0,0,1,0,1,0,0
Barcelona,VIR,U.S. Virgin Islands,185,1992,105711,1770899968,16752,0,0,0,0,0,1,0
Athina,VIR,U.S. Virgin Islands,185,2004,107950,3799e6,35192,0,0,0,0,0,0,1
Beijing,VIR,U.S. Virgin Islands,185,2008,107091,425e7,39685,0,0,0,0,0,0,0
London,VIR,U.S. Virgin Islands,185,2012,105275,4095e6,38898,0,0,0,0,0,0,0
Moskva,UGA,Uganda,186,1980,12549540,124461e4,99,0,0,1,0,1,2,2
Los Angeles,UGA,Uganda,186,1984,14174470,3615647477,255,0,0,0,0,0,1,2
Seoul,UGA,Uganda,186,1988,16262533,6508931652,400,0,0,0,0,0,0,1
Barcelona,UGA,Uganda,186,1992,18652889,2857457860,153,0,0,0,0,0,0,0
Atlanta,UGA,Uganda,186,1996,21202118,6044585327,285,0,0,0,1,1,0,0
Sydney,UGA,Uganda,186,2000,24039274,6193246837,257,0,0,0,0,0,1,0
Athina,UGA,Uganda,186,2004,27568436,7940362799,288,0,0,0,0,0,0,1
Beijing,UGA,Uganda,186,2008,31663896,14239026630,449,0,0,0,0,0,0,0
London,UGA,Uganda,186,2012,36306796,23132149257,637,0,1,0,0,1,0,0
Rio de Janeiro,UGA,Uganda,186,2016,41487965,24078931933,580,0,0,0,0,0,1,0
London,UKR,Ukraine,187,2012,45593300,175781379051,3855,0,6,5,9,20,27,22
Rio de Janeiro,UKR,Ukraine,187,2016,45004645,93270479389,2072,0,2,5,4,11,20,27
Sydney,ARE,United Arab Emirates,188,2000,3154925,104337372362,33071,0,0,0,0,0,0,0
Athina,ARE,United Arab Emirates,188,2004,4087931,147824370320,36161,0,1,0,0,1,0,0
Beijing,ARE,United Arab Emirates,188,2008,6894278,315474615739,45758,0,0,0,0,0,1,0
London,ARE,United Arab Emirates,188,2012,8900453,374817974105,42112,0,0,0,0,0,0,1
Rio de Janeiro,ARE,United Arab Emirates,188,2016,9269612,348743265705,37622,0,0,0,1,1,0,0
Montreal,GBR,United Kingdom,189,1976,56211968,232614555256,4138,0,3,5,5,13,18,13
Moskva,GBR,United Kingdom,189,1980,56314216,564947710899,10032,0,5,7,9,21,13,18
Los Angeles,GBR,United Kingdom,189,1984,56422072,461487097632,8179,0,5,11,21,37,21,13
Seoul,GBR,United Kingdom,189,1988,56928327,910122732124,15987,0,5,10,9,24,37,21
Barcelona,GBR,United Kingdom,189,1992,57580402,1179659529660,20487,0,5,3,12,20,24,37
Atlanta,GBR,United Kingdom,189,1996,58166950,1408781591264,24219,0,1,8,6,15,20,24
Sydney,GBR,United Kingdom,189,2000,58892514,1647951278560,27982,0,11,10,7,28,15,20
Athina,GBR,United Kingdom,189,2004,59987905,2398555474185,39983,0,9,9,12,30,28,15
Beijing,GBR,United Kingdom,189,2008,61806995,2890564338235,46767,0,19,13,16,48,30,28
London,GBR,United Kingdom,189,2012,63700300,2662085168499,41790,1,29,17,19,65,48,30
Rio de Janeiro,GBR,United Kingdom,189,2016,65637239,2647898654635,40341,0,27,23,17,67,65,48
Montreal,USA,United States,190,1976,218035e3,1877587e6,8611,0,34,35,25,94,94,107
Los Angeles,USA,United States,190,1984,235825e3,4040693e6,17134,1,83,61,30,174,94,94
Seoul,USA,United States,190,1988,244499e3,5252629e6,21483,0,36,31,27,94,174,94
Barcelona,USA,United States,190,1992,256514e3,6539299e6,25492,0,37,34,37,108,94,174
Atlanta,USA,United States,190,1996,269394e3,8100201e6,30068,1,44,32,25,101,108,94
Sydney,USA,United States,190,2000,282162411,10284779e6,36449,0,37,24,32,93,101,108
Athina,USA,United States,190,2004,292805298,12274928e6,41921,0,36,39,26,101,93,101
Beijing,USA,United States,190,2008,304093966,14718582e6,48401,0,36,39,35,110,101,93
London,USA,United States,190,2012,313998379,16155255e6,51450,0,46,28,29,103,110,101
Rio de Janeiro,USA,United States,190,2016,323127513,18624475e6,57638,0,46,37,38,121,103,110
Montreal,URY,Uruguay,191,1976,2841429,3667161241,1290,0,0,0,0,0,0,0
Los Angeles,URY,Uruguay,191,1984,2992645,4850241442,1620,0,0,0,0,0,0,0
Seoul,URY,Uruguay,191,1988,3069099,8213515459,2676,0,0,0,0,0,0,0
Barcelona,URY,Uruguay,191,1992,3154855,12878157306,4082,0,0,0,0,0,0,0
Atlanta,URY,Uruguay,191,1996,3248035,20515465834,6316,0,0,0,0,0,0,0
Sydney,URY,Uruguay,191,2000,3321245,22823255802,6871,0,0,1,0,1,0,0
Athina,URY,Uruguay,191,2004,3324096,13686329890,4117,0,0,0,0,0,1,0
Beijing,URY,Uruguay,191,2008,3350824,30366213095,9062,0,0,0,0,0,0,1
London,URY,Uruguay,191,2012,3396777,51264390121,15092,0,0,0,0,0,0,0
Rio de Janeiro,URY,Uruguay,191,2016,3444006,52419720714,15220,0,0,0,0,0,0,0
London,UZB,Uzbekistan,192,2012,29774500,51821573338,1740,0,1,0,2,3,6,5
Rio de Janeiro,UZB,Uzbekistan,192,2016,31848200,67220335570,2110,0,4,2,7,13,3,6
Athina,VUT,Vanuatu,193,2004,204143,364996869,1787,0,0,0,0,0,0,0
Beijing,VUT,Vanuatu,193,2008,225340,607958616,2697,0,0,0,0,0,0,0
London,VUT,Vanuatu,193,2012,247485,781702874,3158,0,0,0,0,0,0,0
Rio de Janeiro,VUT,Vanuatu,193,2016,270402,773502896,2860,0,0,0,0,0,0,0
Montreal,VEN,Venezuela,194,1976,13739142,36187023256,2633,0,0,1,0,1,0,1
Moskva,VEN,Venezuela,194,1980,15343916,67018023256,4367,0,0,1,0,1,1,0
Los Angeles,VEN,Venezuela,194,1984,17057785,560919e5,3288,0,0,0,3,3,1,1
Seoul,VEN,Venezuela,194,1988,18912526,58428406897,3089,0,0,0,0,0,3,1
Barcelona,VEN,Venezuela,194,1992,20799075,58450099415,2810,0,0,0,0,0,0,3
Atlanta,VEN,Venezuela,194,1996,22650102,68263823149,3013,0,0,0,0,0,0,0
Sydney,VEN,Venezuela,194,2000,24488340,117140723529,4783,0,0,0,0,0,0,0
Athina,VEN,Venezuela,194,2004,26327225,112453382330,4271,0,0,0,2,2,0,0
Beijing,VEN,Venezuela,194,2008,28141701,315953388511,11227,0,0,0,1,1,2,0
London,VEN,Venezuela,194,2012,29893080,381286237848,12755,0,1,0,0,1,1,2
Athina,VNM,Vietnam,195,2004,81436400,45427854693,557,0,0,0,0,0,1,0
Beijing,VNM,Vietnam,195,2008,85118700,99130304099,1164,0,0,1,0,1,0,1
London,VNM,Vietnam,195,2012,88809200,155820001920,1754,0,0,0,0,0,1,0
Rio de Janeiro,VNM,Vietnam,195,2016,92701100,205276172135,2214,0,1,1,0,2,0,1
Beijing,YEM,Yemen,196,2008,22356391,26910851362,1203,0,0,0,0,0,0,0
London,YEM,Yemen,196,2012,24909969,35393148127,1420,0,0,0,0,0,0,0
Rio de Janeiro,YEM,Yemen,196,2016,27584213,27317605346,990,0,0,0,0,0,0,0
Los Angeles,ZMB,Zambia,197,1984,6738765,2739444444,406,0,0,0,1,1,0,0
Seoul,ZMB,Zambia,197,1988,7600072,3713614458,488,0,0,0,0,0,1,0
Barcelona,ZMB,Zambia,197,1992,8452275,3181921788,376,0,0,0,0,0,0,1
Atlanta,ZMB,Zambia,197,1996,9394304,3597220962,382,0,0,1,0,1,0,0
Sydney,ZMB,Zambia,197,2000,10531221,3600683040,341,0,0,0,0,0,1,0
Athina,ZMB,Zambia,197,2004,11731746,6221077675,530,0,0,0,0,0,0,1
Beijing,ZMB,Zambia,197,2008,13082517,17910858638,1369,0,0,0,0,0,0,0
London,ZMB,Zambia,197,2012,14699937,25503370699,1734,0,0,0,0,0,0,0
Rio de Janeiro,ZMB,Zambia,197,2016,16591390,21063989683,1269,0,0,0,0,0,0,0
Seoul,ZWE,Zimbabwe,198,1988,9604302,7814784100,813,0,0,0,0,0,0,1
Barcelona,ZWE,Zimbabwe,198,1992,10682868,6751472200,631,0,0,0,0,0,0,0
Atlanta,ZWE,Zimbabwe,198,1996,11518262,8553146600,742,0,0,0,0,0,0,0
Sydney,ZWE,Zimbabwe,198,2000,12222251,6689957600,547,0,0,0,0,0,0,0
Athina,ZWE,Zimbabwe,198,2004,12777511,5805598400,454,0,1,1,1,3,0,0
Beijing,ZWE,Zimbabwe,198,2008,13558469,4415702800,325,0,1,3,0,4,3,0
London,ZWE,Zimbabwe,198,2012,14710826,14242490252,968,0,0,0,0,0,4,3
Rio de Janeiro,ZWE,Zimbabwe,198,2016,16150362,16619960402,1029,0,0,0,0,0,0,4
